date,day_of_week,is_weekend,is_holiday,special_event,temperature_c,rainfall_mm,customers,meals_prepared,meals_sold,previous_waste_kg,avg_meal_price,staff_count,occupancy_rate,food_category,food_waste_kg
2023-01-01,Sunday,1,0,0,22.05,0.89,404,396,382,10.0,186.69,7,74.5,Indian,9.37
2023-01-02,Monday,0,0,0,24.56,0.0,355,420,338,6.64,130.63,7,66.9,Chinese,11.42
2023-01-03,Tuesday,0,0,1,28.22,0.13,319,444,312,10.48,180.79,7,45.0,Fast_Food,16.65
2023-01-04,Wednesday,0,0,0,24.17,1.35,386,409,343,13.73,224.19,9,63.2,Indian,13.13
2023-01-05,Thursday,0,0,0,25.75,3.42,291,353,299,14.3,213.04,5,47.0,Indian,11.72
2023-01-06,Friday,0,1,0,28.99,1.71,333,353,325,14.45,180.81,6,48.1,Bakery,10.71
2023-01-07,Saturday,1,0,1,25.43,1.62,445,553,392,12.72,269.68,11,80.0,Indian,20.03
2023-01-08,Sunday,1,0,1,28.02,4.64,451,515,471,13.95,159.79,10,77.0,Indian,13.91
2023-01-09,Monday,0,0,0,34.17,2.28,322,350,269,11.33,176.97,7,57.2,Indian,14.75
2023-01-10,Tuesday,0,0,0,26.23,9.1,339,399,329,8.68,129.23,6,65.0,Bakery,14.26
2023-01-11,Wednesday,0,0,0,32.31,2.3,346,401,326,11.51,165.87,8,61.9,Continental,13.14
2023-01-12,Thursday,0,1,0,29.52,16.51,342,426,284,11.44,242.57,7,55.5,Continental,16.59
2023-01-13,Friday,0,0,0,20.4,0.0,379,412,359,16.23,167.21,8,52.0,Continental,14.51
2023-01-14,Saturday,1,0,0,22.04,0.82,422,470,403,10.14,126.53,8,75.6,Continental,14.32
2023-01-15,Sunday,1,0,0,23.25,0.0,470,520,478,13.01,210.52,10,79.8,Fast_Food,14.75
2023-01-16,Monday,0,0,0,23.15,3.67,333,397,311,18.02,193.62,9,50.2,Bakery,16.78
2023-01-17,Tuesday,0,0,0,26.59,0.0,368,457,384,15.74,209.07,8,69.9,Continental,12.34
2023-01-18,Wednesday,0,0,0,29.77,0.0,345,367,341,14.95,169.6,8,55.4,Fast_Food,12.25
2023-01-19,Thursday,0,0,0,32.65,0.0,311,391,293,14.98,144.75,7,54.5,Indian,14.25
2023-01-20,Friday,0,0,0,28.39,0.0,336,411,343,16.03,173.57,7,63.4,Continental,14.39
2023-01-21,Saturday,1,0,0,24.99,1.41,428,465,416,14.13,199.42,9,75.9,Continental,14.51
2023-01-22,Sunday,1,0,0,17.63,3.4,409,427,385,11.73,177.47,10,75.7,Indian,13.26
2023-01-23,Monday,0,1,0,27.32,0.0,319,306,305,14.22,193.58,7,54.2,Indian,11.67
2023-01-24,Tuesday,0,0,0,27.12,0.56,360,388,358,9.21,161.21,7,72.8,Indian,10.33
2023-01-25,Wednesday,0,0,1,27.82,10.53,374,489,331,13.34,194.88,8,64.3,Indian,18.76
2023-01-26,Thursday,0,0,0,36.48,13.99,227,220,220,14.04,179.89,6,43.8,Fast_Food,10.13
2023-01-27,Friday,0,0,1,32.58,7.64,434,569,372,13.32,155.29,7,81.2,Indian,21.3
2023-01-28,Saturday,1,0,1,30.53,0.0,445,473,436,14.2,184.9,10,83.3,Continental,17.12
2023-01-29,Sunday,1,0,0,22.67,2.85,381,412,387,16.98,166.47,9,65.8,Indian,11.59
2023-01-30,Monday,0,0,0,24.69,11.9,291,318,276,15.49,201.6,6,55.4,Continental,12.01
2023-01-31,Tuesday,0,0,0,26.57,0.17,318,361,326,13.77,210.56,7,64.1,Indian,11.21
2023-02-01,Wednesday,0,1,0,23.51,0.0,285,332,298,12.85,197.55,7,49.4,Indian,9.92
2023-02-02,Thursday,0,0,0,29.25,10.96,304,372,302,12.86,122.78,6,55.7,Chinese,11.34
2023-02-03,Friday,0,0,0,28.61,12.74,306,359,306,18.9,146.23,8,50.5,Indian,14.38
2023-02-04,Saturday,1,0,1,22.1,2.24,474,510,470,13.24,157.72,11,93.5,Chinese,13.33
2023-02-05,Sunday,1,0,0,32.39,0.0,481,549,445,15.82,152.13,11,81.0,Continental,19.75
2023-02-06,Monday,0,0,0,27.46,0.0,359,467,365,16.62,161.0,8,70.2,Bakery,15.24
2023-02-07,Tuesday,0,0,0,19.22,4.33,369,473,344,19.09,212.38,9,65.8,Continental,16.59
2023-02-08,Wednesday,0,0,0,26.77,0.0,317,365,299,18.52,204.45,9,59.9,Continental,14.36
2023-02-09,Thursday,0,0,0,28.27,1.91,334,375,302,16.13,165.17,8,62.2,Continental,11.66
2023-02-10,Friday,0,0,0,31.38,1.39,345,363,353,17.38,200.71,8,54.2,Chinese,10.85
2023-02-11,Saturday,1,0,0,25.48,0.0,387,440,397,15.45,191.51,9,69.7,Continental,12.96
2023-02-12,Sunday,1,0,0,30.73,0.0,395,433,409,16.13,178.85,11,77.9,Continental,11.36
2023-02-13,Monday,0,0,0,27.84,0.27,360,423,361,17.69,220.19,7,71.8,Continental,13.52
2023-02-14,Tuesday,0,0,0,21.08,3.08,368,455,350,15.91,156.85,6,54.5,Fast_Food,16.64
2023-02-15,Wednesday,0,0,0,20.63,3.36,332,384,318,14.48,181.85,8,62.7,Chinese,13.16
2023-02-16,Thursday,0,0,1,32.05,0.0,333,461,296,12.89,143.22,8,53.6,Indian,19.57
2023-02-17,Friday,0,0,0,32.38,12.48,320,383,287,15.77,144.9,5,53.3,Continental,14.58
2023-02-18,Saturday,1,0,0,28.45,0.0,360,467,354,13.32,132.37,8,61.7,Fast_Food,13.54
2023-02-19,Sunday,1,0,0,33.73,9.63,413,486,373,13.58,145.49,9,86.9,Fast_Food,15.74
2023-02-20,Monday,0,0,0,31.75,2.89,339,429,347,12.34,182.91,8,60.5,Indian,11.24
2023-02-21,Tuesday,0,0,0,30.08,0.3,321,307,294,14.65,169.41,8,77.7,Continental,9.88
2023-02-22,Wednesday,0,0,0,22.9,5.26,338,387,342,12.1,170.55,6,57.5,Bakery,10.59
2023-02-23,Thursday,0,0,1,34.79,1.11,390,465,421,10.15,169.53,8,75.9,Indian,11.96
2023-02-24,Friday,0,0,0,29.41,0.0,339,419,315,9.65,242.05,7,58.6,Continental,15.01
2023-02-25,Saturday,1,0,0,25.26,0.0,368,374,373,11.34,140.2,9,68.3,Chinese,9.68
2023-02-26,Sunday,1,0,0,23.99,0.83,401,461,369,11.06,136.46,9,76.1,Fast_Food,13.35
2023-02-27,Monday,0,0,0,28.16,0.0,344,429,367,13.63,150.41,7,68.4,Chinese,13.4
2023-02-28,Tuesday,0,0,0,19.48,9.38,385,501,346,13.52,177.48,9,57.1,Fast_Food,15.71
2023-03-01,Wednesday,0,0,0,30.15,0.0,320,328,257,15.76,198.02,6,70.5,Indian,12.12
2023-03-02,Thursday,0,0,0,22.71,0.0,349,349,343,15.94,201.65,10,61.7,Indian,11.94
2023-03-03,Friday,0,0,0,28.67,0.0,361,456,353,15.87,213.06,9,60.8,Indian,17.67
2023-03-04,Saturday,1,0,0,24.65,0.0,403,528,421,11.18,176.21,10,73.0,Indian,15.85
2023-03-05,Sunday,1,0,0,25.81,0.0,450,499,383,10.84,166.13,11,81.0,Fast_Food,16.06
2023-03-06,Monday,0,0,0,23.59,0.0,372,424,341,14.49,237.17,9,65.8,Indian,13.73
2023-03-07,Tuesday,0,0,0,26.27,3.14,378,423,386,14.98,90.0,8,61.8,Indian,11.97
2023-03-08,Wednesday,0,0,0,35.5,1.49,346,395,331,16.33,182.2,8,55.2,Fast_Food,13.44
2023-03-09,Thursday,0,0,0,33.23,1.3,413,493,384,11.72,195.05,10,67.3,Chinese,16.84
2023-03-10,Friday,0,0,0,28.6,0.0,308,367,254,12.54,245.58,7,43.8,Continental,15.33
2023-03-11,Saturday,1,0,1,26.89,4.61,529,596,489,13.35,121.88,11,91.3,Indian,20.02
2023-03-12,Sunday,1,0,0,30.8,5.33,437,542,415,14.66,165.3,12,81.1,Bakery,16.37
2023-03-13,Monday,0,0,0,32.08,15.75,377,402,402,15.2,132.48,7,66.2,Continental,12.36
2023-03-14,Tuesday,0,0,0,23.27,4.92,319,404,289,14.87,117.06,5,52.0,Indian,14.68
2023-03-15,Wednesday,0,0,0,26.65,18.92,360,353,305,14.82,172.84,9,66.5,Continental,13.78
2023-03-16,Thursday,0,0,0,18.8,0.0,380,379,379,17.26,209.16,8,58.7,Chinese,11.58
2023-03-17,Friday,0,0,0,32.05,16.58,292,311,309,18.49,222.21,7,56.9,Chinese,10.4
2023-03-18,Saturday,1,0,0,36.29,5.16,404,435,396,12.88,161.38,11,76.4,Chinese,11.59
2023-03-19,Sunday,1,0,0,27.36,4.24,335,362,362,13.37,203.33,6,51.8,Continental,10.78
2023-03-20,Monday,0,0,0,17.44,1.18,324,386,310,14.77,173.08,7,73.6,Continental,13.67
2023-03-21,Tuesday,0,0,1,29.74,0.29,346,482,333,15.85,199.48,9,56.3,Indian,19.24
2023-03-22,Wednesday,0,0,0,22.93,0.0,322,399,259,15.02,220.41,8,57.0,Fast_Food,16.53
2023-03-23,Thursday,0,0,0,24.01,17.13,432,531,401,16.0,173.2,9,86.8,Indian,19.32
2023-03-24,Friday,0,0,0,29.82,1.04,390,396,383,12.28,217.69,11,76.2,Fast_Food,11.26
2023-03-25,Saturday,1,0,0,28.15,5.3,360,405,352,12.64,137.54,8,64.0,Indian,13.25
2023-03-26,Sunday,1,0,0,24.8,7.04,429,445,381,10.11,202.98,10,78.2,Chinese,12.89
2023-03-27,Monday,0,0,0,24.08,6.91,358,394,341,13.44,216.18,10,59.0,Continental,12.79
2023-03-28,Tuesday,0,0,0,27.57,3.16,318,328,300,11.23,212.56,8,49.8,Continental,11.51
2023-03-29,Wednesday,0,0,0,25.16,16.29,336,348,342,12.75,138.52,9,53.8,Fast_Food,9.81
2023-03-30,Thursday,0,0,0,22.01,4.71,340,386,316,13.51,172.8,7,55.8,Continental,14.08
2023-03-31,Friday,0,0,0,25.5,0.0,283,311,273,14.09,190.58,8,50.9,Bakery,10.24
2023-04-01,Saturday,1,0,0,28.53,0.46,374,360,360,12.4,195.51,8,63.4,Bakery,12.13
2023-04-02,Sunday,1,0,1,26.2,0.0,461,652,425,12.12,184.06,9,75.8,Bakery,23.34
2023-04-03,Monday,0,0,0,20.64,3.83,333,352,339,17.78,230.02,8,49.4,Chinese,11.34
2023-04-04,Tuesday,0,0,0,31.45,5.95,305,381,291,14.22,134.65,7,61.5,Indian,13.61
2023-04-05,Wednesday,0,0,0,16.0,6.67,302,320,315,14.53,171.59,9,52.6,Fast_Food,11.61
2023-04-06,Thursday,0,0,1,24.99,5.16,372,506,342,12.37,120.93,9,50.7,Indian,18.3
2023-04-07,Friday,0,0,0,24.21,1.2,361,431,345,16.78,201.74,7,66.5,Fast_Food,13.56
2023-04-08,Saturday,1,0,0,27.67,2.08,407,446,345,15.75,199.41,8,74.2,Indian,16.74
2023-04-09,Sunday,1,0,1,29.53,2.09,512,658,527,13.62,297.2,11,79.9,Fast_Food,19.69
2023-04-10,Monday,0,1,1,32.07,9.42,326,439,316,14.72,215.92,6,40.3,Indian,17.98
2023-04-11,Tuesday,0,0,0,23.79,0.0,337,332,332,14.57,191.6,7,62.2,Bakery,9.52
2023-04-12,Wednesday,0,0,0,29.64,0.04,318,398,279,16.62,188.92,7,51.3,Continental,15.76
2023-04-13,Thursday,0,0,0,27.88,0.0,351,420,350,15.81,168.92,7,51.9,Indian,13.86
2023-04-14,Friday,0,1,0,19.3,22.89,278,279,271,11.91,184.57,7,36.8,Continental,12.7
2023-04-15,Saturday,1,0,0,35.55,11.59,477,577,437,13.55,189.67,10,92.7,Continental,19.46
2023-04-16,Sunday,1,0,0,20.53,0.19,351,420,298,18.71,111.23,5,68.7,Bakery,17.5
2023-04-17,Monday,0,0,0,28.89,0.0,390,401,401,19.52,186.89,7,67.6,Continental,11.63
2023-04-18,Tuesday,0,0,0,28.75,0.0,333,418,299,13.36,183.54,7,71.2,Continental,16.14
2023-04-19,Wednesday,0,0,0,28.24,9.27,349,409,283,13.85,241.39,7,56.4,Chinese,14.48
2023-04-20,Thursday,0,0,0,24.77,0.0,377,482,368,14.68,175.39,7,58.8,Fast_Food,15.48
2023-04-21,Friday,0,0,1,30.72,2.16,405,506,405,14.93,153.21,11,85.3,Indian,17.69
2023-04-22,Saturday,1,0,0,19.98,7.59,384,495,335,15.77,189.4,9,65.7,Bakery,20.13
2023-04-23,Sunday,1,0,0,26.7,0.0,431,539,411,15.26,182.6,10,77.4,Continental,19.07
2023-04-24,Monday,0,0,0,24.46,2.1,395,524,350,13.39,175.43,9,68.9,Fast_Food,17.8
2023-04-25,Tuesday,0,0,0,23.95,0.25,299,339,320,17.21,135.24,6,51.1,Fast_Food,9.73
2023-04-26,Wednesday,0,0,0,28.93,0.0,404,436,400,12.5,174.54,8,64.3,Indian,11.5
2023-04-27,Thursday,0,0,0,31.85,0.0,343,346,346,11.29,159.73,9,64.2,Indian,9.48
2023-04-28,Friday,0,0,0,25.46,8.37,315,397,347,9.6,172.42,8,46.4,Indian,12.86
2023-04-29,Saturday,1,0,0,30.51,14.26,379,454,380,13.27,205.63,6,63.9,Indian,14.78
2023-04-30,Sunday,1,0,1,27.22,0.85,447,522,404,14.09,156.39,10,89.3,Indian,19.1
2023-05-01,Monday,0,0,0,22.98,4.26,262,273,268,16.7,172.26,6,32.7,Fast_Food,10.34
2023-05-02,Tuesday,0,0,1,25.84,2.23,360,436,374,12.85,198.94,8,67.5,Continental,14.12
2023-05-03,Wednesday,0,0,0,25.65,0.0,321,366,291,10.77,170.57,9,56.2,Continental,12.27
2023-05-04,Thursday,0,0,1,23.87,0.68,337,391,340,11.77,271.32,9,59.3,Continental,14.6
2023-05-05,Friday,0,0,0,28.93,0.0,356,414,362,12.51,188.71,8,67.2,Indian,11.66
2023-05-06,Saturday,1,0,0,28.06,0.0,402,470,405,13.71,136.53,9,67.0,Chinese,12.05
2023-05-07,Sunday,1,0,0,19.84,1.96,388,458,395,10.25,150.62,8,59.5,Indian,11.82
2023-05-08,Monday,0,0,0,19.57,6.85,319,380,315,13.42,147.1,6,49.5,Bakery,13.86
2023-05-09,Tuesday,0,0,0,28.91,3.66,342,416,345,11.85,151.12,7,62.8,Fast_Food,12.26
2023-05-10,Wednesday,0,0,0,23.33,8.63,333,368,292,11.76,198.79,8,54.7,Indian,13.56
2023-05-11,Thursday,0,0,0,28.36,0.0,305,390,316,15.79,141.27,9,57.1,Fast_Food,11.86
2023-05-12,Friday,0,1,0,30.51,12.49,309,378,323,10.19,168.41,8,50.9,Continental,13.43
2023-05-13,Saturday,1,0,1,21.28,14.28,453,551,379,12.95,220.0,11,74.8,Indian,21.04
2023-05-14,Sunday,1,0,0,20.65,0.0,370,473,362,15.59,161.81,6,67.7,Indian,16.19
2023-05-15,Monday,0,0,0,34.53,1.84,320,428,337,13.55,203.5,5,63.3,Indian,13.63
2023-05-16,Tuesday,0,0,0,28.58,0.0,350,376,286,13.21,121.1,9,63.6,Fast_Food,14.2
2023-05-17,Wednesday,0,1,0,25.11,0.22,325,423,318,16.71,167.03,9,52.7,Fast_Food,14.82
2023-05-18,Thursday,0,0,0,22.8,3.6,322,398,285,20.1,148.99,8,71.3,Continental,16.41
2023-05-19,Friday,0,0,0,24.7,9.04,354,385,337,19.74,190.49,8,70.3,Indian,13.51
2023-05-20,Saturday,1,0,0,21.64,0.0,376,467,334,20.61,143.78,10,57.5,Chinese,17.53
2023-05-21,Sunday,1,0,0,30.98,10.81,377,399,362,16.35,252.44,9,59.8,Chinese,13.2
2023-05-22,Monday,0,0,0,23.5,0.0,321,333,316,11.32,122.62,8,40.9,Indian,9.66
2023-05-23,Tuesday,0,1,0,31.92,25.7,357,433,315,12.18,219.75,6,55.0,Continental,17.19
2023-05-24,Wednesday,0,0,0,25.2,12.58,336,330,296,15.67,210.74,8,62.8,Indian,12.51
2023-05-25,Thursday,0,0,0,22.3,0.0,320,394,306,10.38,190.85,9,64.4,Indian,13.68
2023-05-26,Friday,0,0,1,25.08,0.0,429,570,361,10.69,181.91,10,74.8,Continental,22.0
2023-05-27,Saturday,1,0,0,16.0,0.0,400,440,346,12.52,244.92,10,67.7,Indian,13.9
2023-05-28,Sunday,1,0,0,26.46,0.0,488,580,465,14.55,266.48,11,80.4,Fast_Food,16.76
2023-05-29,Monday,0,0,0,26.23,5.78,312,354,300,15.43,172.75,7,56.6,Fast_Food,12.85
2023-05-30,Tuesday,0,0,0,30.71,0.0,295,349,307,12.88,185.52,8,47.0,Continental,10.32
2023-05-31,Wednesday,0,0,1,18.51,0.0,369,506,388,13.7,160.67,8,65.3,Bakery,16.08
2023-06-01,Thursday,0,0,0,32.23,5.55,321,351,296,12.06,139.07,6,60.6,Continental,11.96
2023-06-02,Friday,0,0,0,30.69,0.0,302,307,275,12.15,196.21,6,56.4,Fast_Food,10.16
2023-06-03,Saturday,1,0,0,32.63,0.0,501,546,520,10.07,188.74,11,97.6,Continental,10.73
2023-06-04,Sunday,1,0,0,26.76,7.54,421,458,401,11.51,123.64,8,73.4,Fast_Food,13.56
2023-06-05,Monday,0,0,1,31.56,9.5,391,515,391,11.1,195.96,9,56.9,Chinese,17.64
2023-06-06,Tuesday,0,0,0,20.38,11.96,314,394,309,15.0,189.91,7,51.4,Chinese,11.66
2023-06-07,Wednesday,0,0,0,30.21,6.77,310,369,314,14.71,158.96,8,56.8,Chinese,11.36
2023-06-08,Thursday,0,0,0,23.53,1.05,366,437,382,13.78,156.67,6,56.7,Continental,12.88
2023-06-09,Friday,0,0,0,19.57,0.69,271,342,235,17.75,194.83,7,40.6,Chinese,12.81
2023-06-10,Saturday,1,0,0,21.94,0.23,370,397,365,17.12,236.31,10,69.6,Bakery,13.34
2023-06-11,Sunday,1,0,0,27.02,0.0,401,461,374,14.28,193.94,9,77.0,Continental,15.32
2023-06-12,Monday,0,0,0,23.29,0.0,377,425,384,13.18,207.32,8,61.6,Chinese,12.72
2023-06-13,Tuesday,0,0,0,28.69,10.35,317,335,294,10.83,150.87,8,55.4,Continental,10.8
2023-06-14,Wednesday,0,0,0,18.86,0.0,345,400,294,12.22,165.5,9,65.0,Fast_Food,14.52
2023-06-15,Thursday,0,0,0,17.43,0.0,331,438,316,14.45,201.28,8,58.1,Fast_Food,14.4
2023-06-16,Friday,0,0,1,33.18,11.31,420,490,416,10.75,132.46,10,76.5,Continental,16.26
2023-06-17,Saturday,1,0,0,31.07,3.21,355,432,348,9.73,187.25,10,71.8,Indian,13.87
2023-06-18,Sunday,1,0,0,22.28,17.49,436,483,453,11.25,197.27,10,81.5,Bakery,12.55
2023-06-19,Monday,0,1,0,26.99,15.75,298,372,276,10.01,178.65,6,45.0,Bakery,15.19
2023-06-20,Tuesday,0,0,0,31.59,0.0,362,446,290,12.75,191.18,9,71.5,Bakery,17.32
2023-06-21,Wednesday,0,0,0,28.89,1.51,301,375,288,15.01,182.02,7,42.5,Fast_Food,12.89
2023-06-22,Thursday,0,0,0,27.67,0.0,331,354,327,14.53,158.22,7,58.7,Indian,12.19
2023-06-23,Friday,0,1,0,31.93,0.0,301,347,303,15.07,138.77,7,50.1,Bakery,13.58
2023-06-24,Saturday,1,0,0,23.71,0.12,375,368,348,13.02,176.84,9,65.4,Indian,11.34
2023-06-25,Sunday,1,0,0,27.14,6.01,365,396,396,13.0,225.66,10,69.8,Indian,11.81
2023-06-26,Monday,0,0,0,26.92,6.06,310,319,273,10.64,215.85,7,52.3,Continental,11.52
2023-06-27,Tuesday,0,1,0,25.77,5.06,310,354,271,12.97,167.91,9,55.2,Chinese,13.85
2023-06-28,Wednesday,0,0,0,25.25,1.03,304,352,311,14.0,167.19,7,58.9,Fast_Food,11.06
2023-06-29,Thursday,0,0,0,27.33,6.51,318,394,319,11.15,164.61,8,48.8,Continental,13.14
2023-06-30,Friday,0,0,0,27.15,0.0,264,307,263,12.58,164.61,6,39.4,Indian,10.64
2023-07-01,Saturday,1,0,0,22.28,3.31,397,491,373,13.11,190.07,8,73.4,Continental,15.63
2023-07-02,Sunday,1,0,0,30.61,2.13,446,573,418,14.93,217.01,12,69.3,Fast_Food,17.2
2023-07-03,Monday,0,0,0,22.61,0.77,355,353,316,16.28,259.2,7,53.1,Fast_Food,11.99
2023-07-04,Tuesday,0,0,0,26.02,3.55,327,392,311,13.18,150.96,7,56.3,Indian,14.78
2023-07-05,Wednesday,0,0,0,25.67,0.0,339,376,361,15.58,202.79,6,51.1,Chinese,11.67
2023-07-06,Thursday,0,0,0,28.61,5.36,301,347,314,15.34,198.98,8,51.8,Indian,12.0
2023-07-07,Friday,0,0,0,17.46,1.99,387,424,382,12.71,168.46,10,53.6,Fast_Food,13.14
2023-07-08,Saturday,1,0,0,31.01,0.0,482,580,476,10.71,144.09,11,81.4,Continental,16.32
2023-07-09,Sunday,1,0,0,23.95,1.87,416,402,402,11.64,189.64,8,75.5,Continental,9.96
2023-07-10,Monday,0,1,1,32.49,0.0,441,568,447,9.0,254.2,10,74.9,Indian,18.14
2023-07-11,Tuesday,0,0,0,24.85,10.64,306,356,284,12.96,189.42,6,52.1,Fast_Food,12.56
2023-07-12,Wednesday,0,0,0,26.78,0.0,286,275,275,16.3,152.45,5,57.6,Fast_Food,8.89
2023-07-13,Thursday,0,0,1,35.61,0.0,350,412,312,17.46,174.5,7,59.3,Continental,18.24
2023-07-14,Friday,0,0,0,25.75,4.39,322,352,303,13.66,140.09,8,50.1,Indian,13.13
2023-07-15,Saturday,1,0,0,32.57,1.21,491,592,391,15.47,180.65,10,89.8,Chinese,19.47
2023-07-16,Sunday,1,0,0,27.18,1.0,400,424,385,16.56,203.92,9,86.7,Bakery,12.86
2023-07-17,Monday,0,0,0,28.87,6.3,300,302,302,9.65,155.76,5,55.9,Continental,6.52
2023-07-18,Tuesday,0,0,0,27.31,0.46,299,332,308,10.61,90.0,8,51.2,Fast_Food,9.54
2023-07-19,Wednesday,0,0,0,30.82,0.0,370,425,347,11.09,189.69,8,58.5,Indian,13.45
2023-07-20,Thursday,0,0,0,23.92,0.24,365,430,369,15.59,162.45,9,62.9,Chinese,15.02
2023-07-21,Friday,0,1,0,22.57,0.0,288,289,281,12.83,153.73,7,49.2,Indian,11.8
2023-07-22,Saturday,1,0,0,24.13,0.0,344,346,310,14.11,153.42,8,45.4,Chinese,12.52
2023-07-23,Sunday,1,0,0,27.45,0.0,370,411,373,13.55,194.01,7,60.7,Indian,11.17
2023-07-24,Monday,0,0,0,26.01,9.72,390,485,400,10.37,165.72,8,65.5,Continental,13.51
2023-07-25,Tuesday,0,0,0,30.2,0.0,354,423,367,11.47,212.57,7,61.6,Chinese,11.13
2023-07-26,Wednesday,0,0,1,32.87,8.63,377,482,337,16.2,213.34,8,69.5,Fast_Food,20.74
2023-07-27,Thursday,0,0,0,22.61,4.71,395,454,376,15.65,170.53,10,61.6,Chinese,13.62
2023-07-28,Friday,0,0,0,23.7,4.6,399,508,377,16.97,161.77,9,59.7,Indian,17.01
2023-07-29,Saturday,1,0,0,20.54,0.0,409,458,412,18.08,184.47,8,80.5,Indian,12.83
2023-07-30,Sunday,1,0,1,36.14,7.3,454,597,443,14.7,174.91,10,77.7,Indian,19.52
2023-07-31,Monday,0,0,0,28.37,0.0,310,319,293,12.64,118.66,7,45.6,Fast_Food,10.56
2023-08-01,Tuesday,0,0,0,29.16,14.5,320,363,317,10.47,246.99,7,55.7,Continental,12.33
2023-08-02,Wednesday,0,0,0,20.97,9.98,278,349,281,15.46,205.0,6,45.9,Continental,11.1
2023-08-03,Thursday,0,0,0,26.99,17.06,278,335,245,15.1,163.78,7,48.9,Fast_Food,12.44
2023-08-04,Friday,0,0,0,29.29,2.15,270,292,238,11.06,112.93,5,44.4,Indian,11.57
2023-08-05,Saturday,1,0,0,25.86,1.21,448,493,415,14.46,173.68,10,79.5,Chinese,14.77
2023-08-06,Sunday,1,0,1,31.84,0.14,400,485,370,10.51,159.42,10,70.9,Indian,16.89
2023-08-07,Monday,0,1,0,37.4,25.34,373,472,348,11.29,177.88,9,58.1,Indian,18.0
2023-08-08,Tuesday,0,0,0,22.74,5.94,304,281,281,13.75,104.26,8,57.6,Chinese,8.19
2023-08-09,Wednesday,0,0,0,22.4,0.0,391,436,384,18.73,163.47,10,74.7,Fast_Food,12.81
2023-08-10,Thursday,0,0,0,23.05,12.85,317,334,307,17.85,165.6,6,54.1,Fast_Food,12.2
2023-08-11,Friday,0,0,0,34.23,1.03,275,345,283,14.29,173.27,6,42.4,Chinese,11.52
2023-08-12,Saturday,1,1,0,31.69,0.0,430,519,451,14.24,171.73,9,82.1,Chinese,15.22
2023-08-13,Sunday,1,0,0,26.39,9.97,459,493,471,16.25,181.83,9,79.2,Bakery,12.05
2023-08-14,Monday,0,1,0,27.16,4.74,273,302,251,17.7,233.24,5,51.7,Fast_Food,11.84
2023-08-15,Tuesday,0,0,0,23.33,6.25,318,404,293,15.03,161.97,7,55.0,Fast_Food,12.95
2023-08-16,Wednesday,0,0,0,31.01,12.72,298,331,329,14.62,148.11,6,46.8,Chinese,8.09
2023-08-17,Thursday,0,0,0,25.29,0.0,326,367,280,11.78,119.54,7,49.9,Chinese,12.78
2023-08-18,Friday,0,0,1,25.83,0.0,379,497,400,14.81,162.11,8,62.4,Fast_Food,16.84
2023-08-19,Saturday,1,0,0,29.74,2.28,398,392,305,17.08,130.96,11,69.8,Indian,15.32
2023-08-20,Sunday,1,0,0,26.15,10.31,346,396,349,11.47,213.6,6,63.8,Continental,13.67
2023-08-21,Monday,0,1,0,25.94,0.0,285,340,303,11.85,176.64,7,45.6,Indian,11.04
2023-08-22,Tuesday,0,0,0,27.05,0.44,355,438,345,10.11,212.88,8,76.3,Continental,12.0
2023-08-23,Wednesday,0,1,0,30.58,1.93,298,387,284,13.0,231.3,6,57.9,Continental,15.56
2023-08-24,Thursday,0,0,0,34.41,0.0,319,360,319,11.36,149.72,5,61.9,Indian,10.31
2023-08-25,Friday,0,0,0,29.63,1.87,297,356,276,9.7,167.84,7,50.8,Chinese,12.48
2023-08-26,Saturday,1,0,0,30.61,1.18,389,464,387,14.8,226.61,7,62.9,Indian,12.15
2023-08-27,Sunday,1,0,0,26.1,0.0,459,471,454,14.22,186.62,11,74.8,Fast_Food,11.58
2023-08-28,Monday,0,0,0,23.81,7.28,290,339,313,13.47,198.25,8,53.3,Bakery,11.43
2023-08-29,Tuesday,0,0,0,29.94,5.67,355,421,345,14.32,216.15,7,71.6,Chinese,14.43
2023-08-30,Wednesday,0,0,0,27.77,7.7,332,377,344,16.49,211.38,9,56.7,Indian,12.01
2023-08-31,Thursday,0,0,0,20.6,8.56,339,413,339,13.9,194.36,8,65.2,Bakery,13.55
2023-09-01,Friday,0,0,0,25.52,0.0,304,356,329,13.27,228.87,5,51.1,Fast_Food,9.76
2023-09-02,Saturday,1,0,0,26.63,0.0,398,430,352,12.43,177.61,8,59.6,Fast_Food,13.25
2023-09-03,Sunday,1,0,0,24.7,6.5,410,468,418,15.91,198.18,9,73.5,Chinese,14.19
2023-09-04,Monday,0,0,0,33.67,0.0,312,308,308,14.61,173.81,7,56.3,Indian,9.28
2023-09-05,Tuesday,0,0,0,29.16,0.0,342,358,314,12.93,215.72,6,54.5,Bakery,11.24
2023-09-06,Wednesday,0,0,0,33.18,0.0,346,434,288,14.21,155.47,8,50.9,Continental,15.65
2023-09-07,Thursday,0,0,0,28.19,8.03,406,393,383,19.17,121.1,10,77.0,Chinese,13.06
2023-09-08,Friday,0,0,0,27.37,23.92,340,382,344,15.91,202.92,9,63.7,Fast_Food,12.21
2023-09-09,Saturday,1,0,0,22.79,8.5,343,370,329,14.02,144.3,7,65.4,Fast_Food,10.52
2023-09-10,Sunday,1,0,0,27.05,0.0,451,521,455,18.08,140.83,10,80.0,Indian,16.0
2023-09-11,Monday,0,0,0,27.06,7.54,323,405,289,18.85,224.27,8,69.4,Bakery,16.09
2023-09-12,Tuesday,0,0,1,20.85,0.0,445,603,413,19.48,213.82,11,76.3,Continental,22.2
2023-09-13,Wednesday,0,0,0,24.57,0.87,381,387,381,16.95,168.01,9,62.8,Indian,12.26
2023-09-14,Thursday,0,0,0,25.55,0.0,312,349,317,13.38,90.0,7,41.8,Indian,10.71
2023-09-15,Friday,0,0,0,28.86,0.0,355,465,334,9.37,198.66,8,68.2,Continental,14.09
2023-09-16,Saturday,1,0,0,29.08,2.89,389,497,394,14.91,203.19,9,57.0,Continental,16.87
2023-09-17,Sunday,1,0,0,24.38,27.97,410,471,366,15.12,198.09,8,66.5,Indian,15.95
2023-09-18,Monday,0,0,0,29.11,11.25,354,353,340,11.1,196.48,9,61.1,Continental,14.06
2023-09-19,Tuesday,0,0,1,26.18,0.0,414,545,421,14.8,173.65,8,69.3,Chinese,17.83
2023-09-20,Wednesday,0,0,0,16.0,0.0,361,410,379,14.4,165.63,8,54.0,Chinese,9.55
2023-09-21,Thursday,0,0,0,24.82,0.0,333,405,315,13.38,141.28,7,47.9,Bakery,15.55
2023-09-22,Friday,0,1,0,31.86,0.0,392,448,362,10.77,155.59,9,76.1,Indian,14.73
2023-09-23,Saturday,1,0,1,19.43,0.0,442,568,452,13.96,191.25,10,92.3,Bakery,18.44
2023-09-24,Sunday,1,0,0,27.51,0.0,354,481,373,15.78,191.83,9,65.0,Chinese,15.62
2023-09-25,Monday,0,0,0,34.13,4.37,280,297,283,15.29,207.64,6,38.0,Indian,9.14
2023-09-26,Tuesday,0,0,0,23.58,7.78,382,449,309,13.13,130.77,8,65.0,Indian,14.8
2023-09-27,Wednesday,0,0,1,27.01,5.75,372,455,372,20.37,121.93,8,85.9,Bakery,19.2
2023-09-28,Thursday,0,0,0,21.13,3.4,336,349,324,14.51,166.71,7,65.7,Indian,9.77
2023-09-29,Friday,0,0,0,34.32,0.0,311,375,307,12.24,144.3,7,54.3,Indian,14.25
2023-09-30,Saturday,1,0,1,26.63,2.44,439,578,398,14.88,186.51,9,79.9,Chinese,21.73
2023-10-01,Sunday,1,0,0,27.21,13.1,382,487,335,13.63,134.15,8,65.6,Continental,18.3
2023-10-02,Monday,0,0,0,33.09,17.85,346,376,348,12.56,221.31,9,54.5,Chinese,11.22
2023-10-03,Tuesday,0,0,0,29.98,4.18,327,368,349,15.48,151.23,7,52.1,Indian,13.56
2023-10-04,Wednesday,0,0,0,23.06,0.0,345,433,311,15.52,235.74,7,55.3,Continental,15.48
2023-10-05,Thursday,0,0,0,24.09,4.3,342,315,305,16.52,198.35,7,47.6,Bakery,10.36
2023-10-06,Friday,0,0,0,29.23,1.17,315,395,318,14.95,143.07,5,68.5,Bakery,14.07
2023-10-07,Saturday,1,0,0,24.19,0.0,359,391,311,13.13,253.32,8,52.1,Bakery,12.94
2023-10-08,Sunday,1,0,0,17.47,0.0,356,369,304,13.31,189.29,10,59.7,Chinese,11.83
2023-10-09,Monday,0,0,0,26.76,0.0,436,473,419,13.6,185.81,9,74.6,Indian,13.53
2023-10-10,Tuesday,0,0,0,20.34,6.53,382,460,381,15.63,177.72,7,71.0,Indian,15.32
2023-10-11,Wednesday,0,0,0,34.27,17.13,377,402,351,15.92,196.33,8,67.1,Bakery,15.68
2023-10-12,Thursday,0,0,0,27.8,5.22,306,369,310,12.73,198.39,8,55.7,Fast_Food,13.88
2023-10-13,Friday,0,0,0,22.93,6.82,330,386,348,15.18,149.73,9,48.3,Continental,10.6
2023-10-14,Saturday,1,0,0,23.86,1.5,381,485,366,10.59,172.53,9,61.5,Continental,16.68
2023-10-15,Sunday,1,0,0,18.5,0.0,364,425,371,12.49,184.05,7,61.3,Chinese,11.31
2023-10-16,Monday,0,0,1,22.05,5.44,354,409,341,10.76,200.4,8,50.3,Continental,14.05
2023-10-17,Tuesday,0,0,0,31.57,3.49,376,471,385,10.77,200.99,10,77.6,Chinese,13.27
2023-10-18,Wednesday,0,0,0,37.04,0.0,359,362,331,17.12,185.76,8,63.1,Chinese,11.65
2023-10-19,Thursday,0,0,0,30.27,3.06,296,378,293,11.84,160.74,7,45.1,Indian,12.09
2023-10-20,Friday,0,1,0,26.59,1.83,294,337,292,11.55,158.94,7,54.1,Indian,9.55
2023-10-21,Saturday,1,0,1,25.06,0.4,481,565,488,13.86,138.3,9,84.3,Indian,18.44
2023-10-22,Sunday,1,0,0,22.7,0.0,390,416,364,13.13,200.74,10,59.7,Bakery,13.63
2023-10-23,Monday,0,0,0,36.27,4.18,333,406,301,13.87,158.44,8,54.9,Bakery,14.9
2023-10-24,Tuesday,0,1,0,26.15,0.0,319,323,255,17.65,173.29,5,52.6,Fast_Food,12.77
2023-10-25,Wednesday,0,0,0,36.52,23.95,344,347,312,17.2,188.32,6,64.9,Fast_Food,14.03
2023-10-26,Thursday,0,0,0,33.27,4.96,339,412,361,14.13,180.14,7,55.7,Indian,12.61
2023-10-27,Friday,0,0,0,19.17,4.29,307,339,302,13.68,179.8,8,59.2,Indian,10.83
2023-10-28,Saturday,1,0,1,24.0,0.99,436,593,399,14.77,148.33,9,80.1,Indian,20.26
2023-10-29,Sunday,1,0,0,23.99,0.07,370,459,315,17.37,189.41,9,72.0,Indian,18.04
2023-10-30,Monday,0,0,0,26.64,0.0,275,333,272,16.59,169.05,6,42.2,Fast_Food,11.68
2023-10-31,Tuesday,0,0,0,26.73,0.0,326,350,320,15.99,176.98,7,57.2,Indian,11.88
2023-11-01,Wednesday,0,0,0,39.0,0.0,359,415,303,15.35,220.53,8,64.7,Bakery,15.88
2023-11-02,Thursday,0,0,0,22.15,0.0,282,270,270,15.05,197.69,7,52.2,Continental,10.48
2023-11-03,Friday,0,0,0,28.03,0.0,340,391,374,12.44,160.02,8,57.1,Indian,10.81
2023-11-04,Saturday,1,0,0,29.77,11.68,437,556,460,14.44,174.79,10,65.1,Fast_Food,15.3
2023-11-05,Sunday,1,0,0,26.99,11.62,346,395,366,15.29,235.98,8,79.2,Fast_Food,12.16
2023-11-06,Monday,0,0,0,27.5,0.0,321,395,278,9.65,169.24,7,54.0,Continental,15.6
2023-11-07,Tuesday,0,0,0,22.3,0.0,388,444,386,10.93,181.4,8,62.4,Indian,14.23
2023-11-08,Wednesday,0,0,0,27.48,0.0,349,362,357,11.56,203.25,10,54.4,Chinese,8.67
2023-11-09,Thursday,0,0,0,29.3,6.44,265,300,235,11.82,187.53,5,45.5,Continental,13.4
2023-11-10,Friday,0,0,0,28.47,9.17,353,396,342,15.75,166.95,9,59.2,Fast_Food,11.25
2023-11-11,Saturday,1,0,0,29.57,2.97,384,423,367,21.78,153.98,8,66.1,Indian,15.7
2023-11-12,Sunday,1,0,0,33.36,4.09,434,460,385,12.06,179.65,10,74.7,Bakery,13.81
2023-11-13,Monday,0,0,0,31.22,3.42,306,383,296,14.0,203.03,9,57.2,Indian,14.63
2023-11-14,Tuesday,0,0,0,27.32,0.0,328,412,283,14.5,226.23,7,52.8,Bakery,17.23
2023-11-15,Wednesday,0,0,0,21.73,17.82,311,325,320,14.67,128.71,6,40.9,Indian,10.9
2023-11-16,Thursday,0,1,1,24.3,2.94,350,434,340,14.86,241.7,7,65.6,Fast_Food,16.66
2023-11-17,Friday,0,0,0,26.01,0.0,310,364,341,15.14,169.91,7,51.1,Indian,10.9
2023-11-18,Saturday,1,0,0,28.14,4.51,402,447,365,13.3,212.37,9,59.6,Fast_Food,13.65
2023-11-19,Sunday,1,0,0,24.85,0.0,369,341,341,14.03,154.19,8,80.2,Bakery,11.48
2023-11-20,Monday,0,0,1,22.79,10.06,392,525,379,14.54,123.62,8,74.7,Chinese,19.24
2023-11-21,Tuesday,0,0,1,21.65,8.85,381,474,361,16.31,134.05,10,63.9,Indian,16.03
2023-11-22,Wednesday,0,0,0,19.57,5.96,273,269,267,16.11,168.42,6,52.6,Bakery,10.76
2023-11-23,Thursday,0,0,0,25.94,2.87,365,442,334,12.99,198.34,7,59.2,Bakery,15.93
2023-11-24,Friday,0,0,0,20.39,12.93,324,315,315,20.34,181.09,8,66.1,Fast_Food,11.05
2023-11-25,Saturday,1,0,0,22.5,14.34,416,496,371,16.95,171.24,10,69.8,Chinese,16.68
2023-11-26,Sunday,1,0,0,25.23,0.0,437,489,451,17.8,219.13,11,84.0,Indian,12.5
2023-11-27,Monday,0,0,0,20.99,5.87,341,433,351,14.35,180.07,10,58.2,Chinese,13.09
2023-11-28,Tuesday,0,0,0,28.71,0.0,371,445,371,14.86,189.79,9,62.8,Fast_Food,13.72
2023-11-29,Wednesday,0,0,0,30.33,0.0,320,359,323,14.97,288.89,7,67.7,Indian,9.91
2023-11-30,Thursday,0,0,0,24.53,14.33,366,376,337,9.96,179.72,6,70.7,Indian,12.37
2023-12-01,Friday,0,0,0,25.03,7.25,334,419,345,10.38,155.65,6,54.9,Bakery,12.93
2023-12-02,Saturday,1,0,0,29.42,3.38,428,529,395,10.94,196.83,10,89.5,Fast_Food,17.62
2023-12-03,Sunday,1,0,0,23.79,0.0,424,448,403,12.21,205.69,8,74.1,Fast_Food,13.01
2023-12-04,Monday,0,0,0,23.48,14.77,373,437,350,10.68,190.53,7,66.8,Bakery,13.51
2023-12-05,Tuesday,0,0,0,32.38,0.0,355,401,322,12.95,185.49,8,57.3,Continental,12.39
2023-12-06,Wednesday,0,1,0,30.98,0.0,289,325,291,16.85,231.88,7,40.7,Chinese,11.32
2023-12-07,Thursday,0,0,0,29.71,1.84,308,333,303,15.28,227.5,7,52.2,Bakery,12.73
2023-12-08,Friday,0,1,0,31.17,6.44,303,315,284,11.64,175.9,8,49.5,Bakery,11.86
2023-12-09,Saturday,1,0,0,18.1,0.26,383,407,386,10.34,157.48,9,63.2,Indian,11.51
2023-12-10,Sunday,1,0,0,33.09,2.78,373,459,342,11.08,195.02,9,80.4,Chinese,14.65
2023-12-11,Monday,0,0,0,28.76,0.0,256,258,234,10.27,157.28,8,53.8,Chinese,9.85
2023-12-12,Tuesday,0,0,0,31.55,0.0,276,297,286,12.58,210.98,9,56.8,Indian,8.17
2023-12-13,Wednesday,0,1,0,28.74,19.8,374,445,378,15.77,194.84,9,65.3,Indian,16.24
2023-12-14,Thursday,0,0,0,27.22,1.36,307,364,279,13.63,273.45,6,53.5,Indian,12.4
2023-12-15,Friday,0,0,0,25.76,13.82,397,480,415,14.32,231.57,9,79.2,Fast_Food,11.79
2023-12-16,Saturday,1,0,0,28.65,0.0,424,514,451,13.28,142.24,11,82.9,Indian,16.14
2023-12-17,Sunday,1,0,0,25.6,10.29,408,411,408,12.35,161.84,8,64.4,Bakery,11.16
2023-12-18,Monday,0,0,0,30.91,0.0,277,269,269,13.01,113.01,8,47.2,Continental,9.68
2023-12-19,Tuesday,0,0,0,19.86,7.48,330,365,303,11.39,105.18,7,51.4,Chinese,10.49
2023-12-20,Wednesday,0,0,0,24.56,0.0,396,454,399,11.09,183.98,9,65.7,Fast_Food,12.85
2023-12-21,Thursday,0,0,0,36.2,0.0,385,389,339,9.09,138.27,8,53.2,Continental,13.39
2023-12-22,Friday,0,0,1,24.18,0.0,385,448,387,11.83,237.44,7,66.9,Fast_Food,14.1
2023-12-23,Saturday,1,0,0,25.93,7.66,370,413,332,15.4,220.53,8,70.2,Bakery,15.43
2023-12-24,Sunday,1,0,0,23.03,9.24,376,472,334,16.46,170.5,10,73.0,Fast_Food,18.18
2023-12-25,Monday,0,0,0,28.51,0.0,300,355,324,19.35,168.51,6,61.7,Fast_Food,12.07
2023-12-26,Tuesday,0,0,0,23.69,0.0,375,434,405,14.59,231.99,10,62.9,Fast_Food,9.27
2023-12-27,Wednesday,0,1,0,26.16,13.61,362,446,347,15.79,240.01,7,53.4,Chinese,14.99
2023-12-28,Thursday,0,0,0,30.82,0.0,337,340,321,12.87,147.36,6,65.9,Continental,12.81
2023-12-29,Friday,0,0,0,23.86,1.11,319,324,313,14.58,142.86,7,57.9,Continental,10.87
2023-12-30,Saturday,1,0,0,30.55,0.0,464,513,416,17.31,169.46,11,81.9,Bakery,16.64
2023-12-31,Sunday,1,0,0,30.7,6.74,376,447,376,17.05,195.09,9,67.5,Continental,14.08
2024-01-01,Monday,0,0,0,31.75,6.96,332,345,309,19.18,162.02,8,56.1,Indian,12.28
2024-01-02,Tuesday,0,0,0,27.63,16.01,346,393,314,14.75,195.83,9,63.9,Chinese,15.46
2024-01-03,Wednesday,0,0,0,39.0,10.64,300,364,287,14.29,248.26,7,57.6,Chinese,15.06
2024-01-04,Thursday,0,0,1,31.75,9.82,353,408,363,12.34,130.79,7,57.0,Chinese,14.84
2024-01-05,Friday,0,0,0,28.46,1.55,305,327,277,13.17,164.4,6,53.8,Continental,12.75
2024-01-06,Saturday,1,0,0,23.06,0.95,460,521,439,14.12,131.46,11,74.8,Bakery,15.81
2024-01-07,Sunday,1,0,0,26.56,6.61,477,527,436,14.4,150.72,10,81.4,Indian,16.1
2024-01-08,Monday,0,0,0,33.42,1.27,334,382,345,13.53,169.69,7,68.1,Bakery,10.5
2024-01-09,Tuesday,0,0,0,34.69,11.05,321,384,326,12.45,154.55,8,66.7,Fast_Food,10.84
2024-01-10,Wednesday,0,0,0,33.65,0.0,309,343,293,14.06,198.2,9,43.9,Indian,13.46
2024-01-11,Thursday,0,0,0,30.53,5.58,330,428,301,13.58,185.28,8,55.2,Indian,15.88
2024-01-12,Friday,0,1,0,21.35,0.0,286,380,285,12.1,190.47,6,50.9,Bakery,14.46
2024-01-13,Saturday,1,0,0,29.19,0.0,407,423,391,9.41,169.27,9,67.1,Fast_Food,11.3
2024-01-14,Sunday,1,0,0,21.41,26.47,424,461,382,10.31,172.49,9,70.1,Indian,15.19
2024-01-15,Monday,0,0,0,20.31,2.03,316,313,304,9.55,167.73,7,55.5,Continental,10.13
2024-01-16,Tuesday,0,0,0,28.08,0.0,323,339,305,9.57,171.3,7,57.0,Indian,11.38
2024-01-17,Wednesday,0,1,0,29.35,0.0,299,365,279,10.78,194.67,8,61.4,Continental,13.21
2024-01-18,Thursday,0,0,0,31.07,0.58,319,321,300,12.56,112.68,7,54.2,Indian,11.85
2024-01-19,Friday,0,0,0,29.24,5.41,315,433,339,11.44,190.08,8,48.7,Chinese,12.9
2024-01-20,Saturday,1,0,0,29.39,0.0,437,467,402,18.1,149.59,10,91.2,Chinese,15.04
2024-01-21,Sunday,1,1,0,22.57,1.18,323,332,314,13.15,168.14,7,56.7,Continental,10.41
2024-01-22,Monday,0,0,0,26.53,3.61,385,404,394,15.79,125.35,10,65.3,Indian,11.4
2024-01-23,Tuesday,0,1,1,20.22,4.9,355,460,343,13.87,167.45,8,60.1,Fast_Food,17.03
2024-01-24,Wednesday,0,0,0,17.98,1.53,351,335,335,13.2,189.73,8,53.0,Fast_Food,9.67
2024-01-25,Thursday,0,0,0,30.33,19.5,355,339,308,14.23,196.0,8,62.4,Continental,13.53
2024-01-26,Friday,0,0,0,23.61,6.83,305,340,310,12.78,138.48,8,50.9,Bakery,11.03
2024-01-27,Saturday,1,0,1,30.93,6.33,423,506,355,11.34,194.31,10,83.6,Fast_Food,21.0
2024-01-28,Sunday,1,0,0,31.99,6.01,374,515,374,17.85,219.89,10,74.3,Indian,18.68
2024-01-29,Monday,0,0,0,24.21,11.15,321,344,319,11.9,162.72,7,65.0,Indian,10.78
2024-01-30,Tuesday,0,0,1,29.66,3.17,399,484,387,12.11,180.03,10,65.6,Continental,17.04
2024-01-31,Wednesday,0,0,0,24.02,0.0,310,352,299,14.03,107.6,7,68.3,Fast_Food,12.01
2024-02-01,Thursday,0,0,1,18.69,4.54,396,521,417,17.05,148.6,10,75.2,Bakery,18.56
2024-02-02,Friday,0,0,0,27.55,5.5,247,341,264,15.04,189.47,6,42.9,Indian,11.64
2024-02-03,Saturday,1,0,0,24.88,13.12,397,523,338,20.55,213.44,8,63.4,Indian,21.38
2024-02-04,Sunday,1,0,0,25.02,0.0,451,483,417,20.14,159.03,10,67.1,Fast_Food,13.8
2024-02-05,Monday,0,0,0,35.89,0.0,324,341,335,11.65,273.43,8,54.2,Bakery,10.39
2024-02-06,Tuesday,0,0,1,20.13,2.2,346,444,322,9.11,190.99,9,60.4,Chinese,17.56
2024-02-07,Wednesday,0,0,0,28.72,6.26,307,354,328,13.09,135.43,8,53.6,Continental,11.6
2024-02-08,Thursday,0,0,1,22.52,0.0,269,344,258,10.68,225.05,6,49.0,Fast_Food,11.5
2024-02-09,Friday,0,1,0,31.09,0.0,270,233,233,14.05,136.15,8,37.4,Chinese,8.1
2024-02-10,Saturday,1,0,0,28.34,8.41,447,541,387,12.32,191.49,9,74.9,Fast_Food,18.43
2024-02-11,Sunday,1,0,1,28.71,0.0,435,545,405,11.76,147.48,8,81.6,Bakery,16.45
2024-02-12,Monday,0,0,0,22.75,0.0,314,317,295,11.85,132.49,7,58.7,Indian,11.0
2024-02-13,Tuesday,0,0,1,23.55,9.08,293,370,308,14.47,213.68,8,48.5,Indian,15.51
2024-02-14,Wednesday,0,1,0,31.17,6.13,248,322,234,9.81,170.91,5,28.3,Bakery,14.26
2024-02-15,Thursday,0,0,0,34.97,0.0,372,490,353,14.77,240.4,7,89.4,Chinese,16.53
2024-02-16,Friday,0,0,0,29.16,5.16,352,392,356,17.65,144.37,6,60.4,Indian,13.22
2024-02-17,Saturday,1,0,0,22.96,3.71,365,460,376,14.65,125.41,9,72.9,Continental,14.94
2024-02-18,Sunday,1,0,0,28.53,1.34,388,426,355,11.51,163.21,7,82.5,Continental,12.36
2024-02-19,Monday,0,0,0,37.92,0.16,329,356,333,14.25,281.17,8,54.3,Indian,12.03
2024-02-20,Tuesday,0,0,0,27.46,4.85,288,284,270,12.62,209.19,6,49.1,Fast_Food,10.96
2024-02-21,Wednesday,0,0,0,33.58,0.0,260,279,241,9.51,199.39,5,47.8,Indian,10.89
2024-02-22,Thursday,0,0,0,23.67,4.76,324,381,314,15.94,200.54,6,62.5,Indian,12.94
2024-02-23,Friday,0,0,0,26.81,3.1,350,388,379,13.03,163.03,8,63.9,Indian,11.33
2024-02-24,Saturday,1,0,0,29.79,3.56,431,522,409,9.73,275.53,9,85.6,Continental,17.32
2024-02-25,Sunday,1,0,1,28.79,0.0,486,578,417,13.36,196.03,11,69.5,Fast_Food,21.52
2024-02-26,Monday,0,0,0,23.55,13.47,276,321,263,14.8,192.75,7,44.7,Continental,13.88
2024-02-27,Tuesday,0,0,0,23.36,0.0,332,330,311,17.62,214.47,8,64.8,Fast_Food,9.42
2024-02-28,Wednesday,0,0,0,31.45,0.0,321,355,289,14.32,135.44,8,55.9,Indian,13.41
2024-02-29,Thursday,0,0,0,32.36,1.15,327,351,257,13.42,149.22,7,56.2,Chinese,14.69
2024-03-01,Friday,0,0,0,33.8,6.11,323,393,271,14.91,171.41,6,48.6,Chinese,16.76
2024-03-02,Saturday,1,0,0,35.12,3.36,387,473,396,15.61,214.7,9,75.0,Fast_Food,14.73
2024-03-03,Sunday,1,0,0,27.61,0.0,304,372,258,15.45,134.57,7,51.3,Continental,16.96
2024-03-04,Monday,0,0,0,25.6,1.95,371,396,333,15.92,177.64,8,62.0,Fast_Food,11.4
2024-03-05,Tuesday,0,0,0,33.08,2.4,342,387,341,15.28,172.69,7,61.3,Chinese,13.01
2024-03-06,Wednesday,0,1,0,30.21,13.82,253,320,221,13.51,124.9,8,40.7,Bakery,15.08
2024-03-07,Thursday,0,0,0,22.58,0.51,347,355,338,16.1,162.19,6,54.4,Fast_Food,11.75
2024-03-08,Friday,0,0,0,22.35,5.38,314,352,277,13.66,198.98,7,58.6,Bakery,14.73
2024-03-09,Saturday,1,0,1,29.21,11.42,440,604,456,15.82,128.09,11,77.6,Indian,19.67
2024-03-10,Sunday,1,0,0,26.2,0.0,383,485,403,18.95,229.4,8,67.6,Indian,16.73
2024-03-11,Monday,0,0,0,26.88,7.28,349,384,321,15.02,196.38,8,59.3,Continental,14.63
2024-03-12,Tuesday,0,0,0,31.83,4.79,302,381,263,19.8,192.11,6,51.3,Continental,16.4
2024-03-13,Wednesday,0,0,0,30.42,0.38,292,296,256,15.76,180.29,6,62.6,Fast_Food,10.34
2024-03-14,Thursday,0,0,0,32.98,7.39,370,492,353,13.02,141.77,9,75.8,Indian,17.14
2024-03-15,Friday,0,0,0,18.31,0.0,324,347,329,15.72,157.26,7,65.3,Continental,11.61
2024-03-16,Saturday,1,0,1,28.14,0.0,450,473,397,15.26,192.66,13,74.5,Indian,17.26
2024-03-17,Sunday,1,0,0,30.13,1.2,434,527,426,14.94,157.19,9,64.1,Continental,15.75
2024-03-18,Monday,0,0,0,20.13,0.2,307,313,292,16.73,186.61,8,49.6,Indian,11.76
2024-03-19,Tuesday,0,0,0,24.05,6.38,314,389,307,15.34,148.54,8,53.3,Bakery,13.44
2024-03-20,Wednesday,0,0,0,23.22,1.8,341,433,309,19.43,195.8,8,61.4,Indian,17.95
2024-03-21,Thursday,0,0,0,27.1,0.0,276,371,248,17.11,198.41,8,55.2,Continental,17.48
2024-03-22,Friday,0,1,0,34.33,11.21,313,370,308,14.3,123.03,5,46.2,Indian,13.07
2024-03-23,Saturday,1,0,0,36.1,6.05,384,431,371,12.96,182.36,9,76.1,Indian,13.61
2024-03-24,Sunday,1,0,1,23.34,0.0,485,597,483,14.59,126.74,10,85.5,Continental,20.15
2024-03-25,Monday,0,0,0,29.37,0.0,349,345,303,16.0,114.86,7,72.5,Indian,12.81
2024-03-26,Tuesday,0,0,0,29.51,0.0,345,449,356,15.16,159.21,7,68.4,Continental,13.58
2024-03-27,Wednesday,0,0,0,28.74,9.29,274,304,271,13.07,277.89,5,48.4,Indian,11.88
2024-03-28,Thursday,0,0,0,28.8,0.0,326,368,344,15.72,207.14,6,60.2,Fast_Food,10.28
2024-03-29,Friday,0,0,1,28.37,5.37,334,349,305,18.62,228.72,8,57.5,Bakery,14.99
2024-03-30,Saturday,1,0,0,34.59,7.14,409,454,425,15.97,201.29,9,71.3,Fast_Food,11.52
2024-03-31,Sunday,1,0,0,31.96,0.0,329,370,320,18.52,187.19,7,52.6,Indian,13.95
2024-04-01,Monday,0,1,0,22.23,0.99,251,321,267,17.84,211.34,6,48.2,Continental,12.77
2024-04-02,Tuesday,0,0,0,30.58,3.65,372,376,366,20.56,157.62,9,58.9,Indian,13.24
2024-04-03,Wednesday,0,0,0,31.02,8.68,343,432,307,17.41,196.47,7,60.2,Chinese,16.37
2024-04-04,Thursday,0,0,1,28.42,27.53,363,427,321,16.64,221.2,11,63.3,Fast_Food,17.46
2024-04-05,Friday,0,0,0,32.09,17.69,298,364,322,17.61,204.48,8,52.5,Indian,13.3
2024-04-06,Saturday,1,0,1,27.85,1.74,417,546,384,14.48,223.5,12,80.6,Indian,19.24
2024-04-07,Sunday,1,1,0,27.9,1.68,392,510,347,16.35,186.39,8,63.8,Fast_Food,20.59
2024-04-08,Monday,0,0,0,27.55,15.93,318,348,334,19.24,239.22,7,63.9,Chinese,12.0
2024-04-09,Tuesday,0,0,0,17.92,2.03,384,464,385,17.63,172.71,7,66.8,Indian,14.34
2024-04-10,Wednesday,0,0,0,26.64,0.0,324,437,294,15.81,254.12,7,61.0,Bakery,16.2
2024-04-11,Thursday,0,0,0,23.99,9.47,332,353,312,16.27,200.08,7,53.8,Indian,12.61
2024-04-12,Friday,0,1,0,21.66,3.97,256,340,257,16.48,166.56,9,41.6,Fast_Food,14.61
2024-04-13,Saturday,1,0,0,33.45,0.0,397,467,373,17.01,138.73,8,70.7,Indian,14.81
2024-04-14,Sunday,1,0,0,29.27,0.55,416,540,400,17.43,151.72,9,74.7,Bakery,17.56
2024-04-15,Monday,0,0,0,26.87,0.0,317,368,328,17.27,146.42,6,62.8,Fast_Food,11.7
2024-04-16,Tuesday,0,0,0,24.46,0.0,313,318,295,13.44,176.89,7,44.1,Indian,12.25
2024-04-17,Wednesday,0,0,0,28.33,20.1,341,365,297,11.86,135.41,7,55.2,Bakery,14.45
2024-04-18,Thursday,0,0,1,31.46,2.74,428,460,416,14.17,225.25,10,73.3,Indian,16.77
2024-04-19,Friday,0,0,0,23.28,0.7,335,351,306,15.73,183.88,6,63.1,Fast_Food,11.93
2024-04-20,Saturday,1,0,0,26.98,0.0,450,563,395,16.16,182.46,10,74.9,Fast_Food,20.34
2024-04-21,Sunday,1,0,0,30.91,2.13,432,461,371,14.8,139.21,8,63.4,Indian,16.85
2024-04-22,Monday,0,0,0,18.29,0.0,368,467,366,14.41,153.08,8,62.0,Continental,16.05
2024-04-23,Tuesday,0,0,0,26.74,0.0,309,337,256,12.11,102.29,7,58.4,Indian,13.84
2024-04-24,Wednesday,0,0,0,25.07,0.0,323,353,325,10.36,236.62,7,56.5,Continental,10.21
2024-04-25,Thursday,0,0,0,26.4,14.39,323,374,300,12.18,130.38,7,59.5,Continental,15.56
2024-04-26,Friday,0,0,0,24.74,9.22,349,404,338,16.36,133.03,9,57.0,Chinese,13.48
2024-04-27,Saturday,1,0,0,27.62,0.0,438,518,450,15.37,229.46,12,76.7,Fast_Food,14.69
2024-04-28,Sunday,1,0,0,35.66,22.04,414,495,373,18.93,193.56,10,59.4,Bakery,18.91
2024-04-29,Monday,0,0,0,25.54,1.68,361,465,335,16.62,184.23,7,53.2,Continental,15.67
2024-04-30,Tuesday,0,0,0,28.31,0.0,310,334,291,16.11,191.91,7,46.4,Fast_Food,11.56
2024-05-01,Wednesday,0,0,0,35.98,4.28,361,425,304,12.58,213.39,8,60.7,Indian,16.09
2024-05-02,Thursday,0,0,0,24.52,16.77,366,419,381,13.35,183.5,9,61.7,Bakery,12.38
2024-05-03,Friday,0,0,0,35.17,13.7,354,412,356,10.85,125.98,8,62.5,Fast_Food,12.34
2024-05-04,Saturday,1,0,0,27.02,0.0,415,524,393,9.15,205.66,8,68.2,Bakery,17.45
2024-05-05,Sunday,1,0,0,35.02,0.0,435,528,439,10.11,194.78,11,80.9,Fast_Food,13.4
2024-05-06,Monday,0,0,0,30.38,0.33,299,390,287,12.81,221.0,8,71.8,Chinese,12.67
2024-05-07,Tuesday,0,0,0,28.38,5.51,337,389,324,12.38,136.28,9,56.8,Indian,12.36
2024-05-08,Wednesday,0,0,0,26.7,7.8,341,354,316,12.25,154.47,7,51.2,Continental,12.85
2024-05-09,Thursday,0,0,0,24.19,11.73,283,330,304,13.87,193.72,7,51.7,Indian,11.81
2024-05-10,Friday,0,0,0,27.34,3.06,347,323,323,10.15,146.94,7,71.7,Continental,10.55
2024-05-11,Saturday,1,0,0,31.04,3.27,366,388,358,11.74,97.65,8,59.0,Chinese,12.29
2024-05-12,Sunday,1,0,0,26.94,2.84,395,508,369,14.51,186.91,9,71.9,Fast_Food,17.0
2024-05-13,Monday,0,0,1,25.58,10.12,376,446,360,17.25,211.33,8,60.7,Continental,16.93
2024-05-14,Tuesday,0,0,0,25.87,7.97,304,408,309,16.93,175.49,7,53.2,Indian,14.0
2024-05-15,Wednesday,0,0,0,31.47,0.0,333,452,344,15.69,199.18,8,56.5,Fast_Food,13.53
2024-05-16,Thursday,0,0,0,32.51,6.79,332,477,322,13.99,194.12,7,57.6,Chinese,16.92
2024-05-17,Friday,0,1,0,24.0,9.38,276,343,257,14.97,180.37,8,49.4,Indian,15.19
2024-05-18,Saturday,1,0,0,23.99,10.27,430,519,392,18.41,184.76,9,73.0,Chinese,18.08
2024-05-19,Sunday,1,0,0,28.71,3.98,383,407,373,17.41,227.22,9,67.4,Indian,12.99
2024-05-20,Monday,0,0,0,33.87,3.61,410,472,358,15.01,146.25,8,56.5,Chinese,15.28
2024-05-21,Tuesday,0,0,0,32.16,1.9,326,353,284,16.36,207.06,8,52.7,Indian,16.24
2024-05-22,Wednesday,0,0,0,21.37,2.46,289,318,278,15.3,138.67,6,51.7,Indian,10.78
2024-05-23,Thursday,0,0,0,25.81,18.99,296,363,322,14.86,152.18,8,50.0,Chinese,12.17
2024-05-24,Friday,0,0,0,22.81,2.66,370,477,391,13.64,221.86,7,72.4,Chinese,15.16
2024-05-25,Saturday,1,0,0,25.8,0.0,396,468,326,13.26,137.66,9,76.5,Fast_Food,16.58
2024-05-26,Sunday,1,0,1,34.22,4.13,407,420,376,16.86,171.54,7,72.6,Indian,14.7
2024-05-27,Monday,0,0,0,20.6,7.61,360,425,341,10.82,262.65,9,57.5,Chinese,14.42
2024-05-28,Tuesday,0,0,0,19.72,9.79,315,319,306,13.93,215.89,7,47.6,Indian,9.38
2024-05-29,Wednesday,0,0,0,23.27,0.0,353,378,365,12.38,154.2,8,65.5,Indian,12.29
2024-05-30,Thursday,0,0,0,28.29,15.4,363,404,338,8.53,160.2,7,53.4,Chinese,13.04
2024-05-31,Friday,0,0,1,29.79,7.25,385,502,378,9.49,174.05,8,61.7,Continental,17.59
2024-06-01,Saturday,1,0,0,28.97,14.54,494,605,464,12.68,225.92,11,79.1,Fast_Food,16.72
2024-06-02,Sunday,1,0,0,32.29,0.0,350,377,316,14.62,144.94,8,60.9,Fast_Food,11.56
2024-06-03,Monday,0,0,0,19.07,10.71,301,382,288,15.94,142.82,7,41.5,Bakery,14.43
2024-06-04,Tuesday,0,0,0,32.35,0.0,321,403,313,17.08,204.97,7,46.9,Bakery,16.4
2024-06-05,Wednesday,0,0,0,25.6,0.8,409,424,424,12.36,121.16,8,74.3,Indian,10.9
2024-06-06,Thursday,0,0,0,30.29,7.56,393,479,402,13.39,148.11,11,61.0,Indian,14.8
2024-06-07,Friday,0,0,0,21.04,0.0,375,372,369,15.55,177.02,9,64.8,Continental,11.62
2024-06-08,Saturday,1,0,0,27.02,0.0,382,415,342,14.52,178.82,8,72.4,Continental,16.68
2024-06-09,Sunday,1,0,0,28.06,0.0,386,495,344,15.51,132.24,9,69.7,Continental,17.63
2024-06-10,Monday,0,1,0,32.2,7.3,276,309,247,11.54,192.38,6,49.6,Continental,14.63
2024-06-11,Tuesday,0,1,0,19.87,0.0,278,298,265,10.76,199.38,6,50.5,Bakery,10.46
2024-06-12,Wednesday,0,0,0,27.14,2.29,382,363,363,15.24,156.81,8,74.3,Continental,10.54
2024-06-13,Thursday,0,0,0,22.12,4.81,321,361,322,13.24,238.13,8,53.4,Bakery,11.48
2024-06-14,Friday,0,0,0,29.27,4.05,326,415,316,18.32,191.89,9,52.9,Bakery,15.2
2024-06-15,Saturday,1,0,0,30.5,3.43,437,539,463,13.62,144.83,8,70.0,Chinese,15.2
2024-06-16,Sunday,1,0,0,32.79,3.42,352,407,321,17.48,236.73,9,64.0,Indian,12.68
2024-06-17,Monday,0,0,0,24.59,0.0,332,356,321,14.55,161.68,7,64.6,Chinese,11.63
2024-06-18,Tuesday,0,0,1,31.17,1.04,337,393,301,15.87,186.26,8,62.8,Chinese,15.69
2024-06-19,Wednesday,0,0,0,33.12,3.36,320,323,304,14.59,162.96,8,64.4,Bakery,10.26
2024-06-20,Thursday,0,0,0,19.61,2.69,309,385,322,14.05,201.85,5,52.5,Bakery,11.27
2024-06-21,Friday,0,0,0,29.76,1.57,308,376,327,15.39,163.15,8,57.4,Indian,11.95
2024-06-22,Saturday,1,0,0,31.31,0.0,418,411,395,13.16,165.27,11,65.6,Indian,11.2
2024-06-23,Sunday,1,0,0,25.84,3.9,418,537,406,14.88,174.4,9,71.5,Fast_Food,16.31
2024-06-24,Monday,0,1,0,21.55,5.2,297,343,290,14.68,162.43,5,51.8,Continental,11.64
2024-06-25,Tuesday,0,0,1,31.24,0.22,388,405,374,14.63,217.51,10,76.3,Fast_Food,13.7
2024-06-26,Wednesday,0,0,0,21.6,9.87,300,366,275,8.14,135.98,5,51.1,Chinese,12.01
2024-06-27,Thursday,0,1,0,26.2,15.73,329,389,336,11.01,178.7,8,68.1,Indian,11.45
2024-06-28,Friday,0,0,0,26.82,2.4,323,389,269,15.37,183.13,8,54.1,Indian,15.11
2024-06-29,Saturday,1,0,1,30.22,0.0,438,458,432,16.89,175.64,10,82.4,Indian,14.09
2024-06-30,Sunday,1,0,0,24.18,0.0,382,431,327,16.86,213.89,9,60.2,Chinese,15.64
2024-07-01,Monday,0,0,0,23.92,0.73,322,393,296,15.95,127.36,7,45.4,Indian,14.06
2024-07-02,Tuesday,0,0,1,27.45,1.99,440,552,448,19.03,199.88,10,84.9,Chinese,17.15
2024-07-03,Wednesday,0,0,0,31.53,0.0,328,372,317,17.45,136.43,7,59.5,Fast_Food,11.78
2024-07-04,Thursday,0,0,1,37.29,0.61,335,384,343,14.06,162.19,7,60.5,Indian,12.21
2024-07-05,Friday,0,0,0,20.22,9.28,362,384,329,15.7,132.83,8,56.7,Bakery,14.51
2024-07-06,Saturday,1,0,0,28.42,2.76,393,413,394,16.75,168.38,7,85.9,Indian,13.54
2024-07-07,Sunday,1,0,0,22.11,0.0,420,461,461,16.15,159.76,10,69.8,Continental,13.17
2024-07-08,Monday,0,0,0,31.58,2.16,309,350,324,13.38,237.34,5,52.7,Indian,10.39
2024-07-09,Tuesday,0,0,0,22.78,16.57,375,421,378,13.95,188.45,9,75.9,Fast_Food,13.82
2024-07-10,Wednesday,0,0,0,23.96,1.91,309,367,270,16.86,195.39,7,57.7,Indian,15.08
2024-07-11,Thursday,0,0,0,24.35,1.19,379,387,344,16.8,141.24,8,57.7,Chinese,12.03
2024-07-12,Friday,0,0,0,26.66,6.71,293,335,304,11.83,205.9,5,39.5,Bakery,10.08
2024-07-13,Saturday,1,0,0,28.45,3.99,400,475,386,11.31,237.34,8,65.9,Indian,14.37
2024-07-14,Sunday,1,0,0,29.18,2.78,459,481,462,11.67,210.45,11,77.9,Fast_Food,11.74
2024-07-15,Monday,0,0,0,26.97,4.24,336,405,361,10.82,134.08,8,44.1,Fast_Food,11.51
2024-07-16,Tuesday,0,0,0,21.02,12.32,410,455,379,7.75,163.76,8,79.1,Chinese,13.46
2024-07-17,Wednesday,0,0,1,30.28,8.59,366,468,320,15.56,183.8,8,52.6,Indian,19.2
2024-07-18,Thursday,0,0,0,26.76,0.88,339,396,389,13.85,159.8,8,60.1,Fast_Food,11.29
2024-07-19,Friday,0,0,0,32.23,15.72,397,424,416,11.55,268.65,9,64.9,Bakery,11.17
2024-07-20,Saturday,1,0,0,23.82,0.0,357,424,366,8.02,163.12,7,55.8,Indian,11.67
2024-07-21,Sunday,1,0,0,19.79,2.76,353,441,367,13.21,178.48,8,70.0,Fast_Food,12.82
2024-07-22,Monday,0,0,0,26.85,3.44,302,361,306,13.63,158.99,8,55.0,Fast_Food,11.59
2024-07-23,Tuesday,0,0,0,32.83,0.67,358,466,378,13.02,188.11,8,66.6,Continental,13.2
2024-07-24,Wednesday,0,0,0,27.72,14.07,274,321,245,13.26,228.38,7,58.2,Fast_Food,11.63
2024-07-25,Thursday,0,0,1,26.1,0.47,396,441,380,15.17,184.02,10,59.8,Indian,18.01
2024-07-26,Friday,0,0,0,23.08,1.51,348,399,370,13.5,172.33,8,48.5,Continental,10.11
2024-07-27,Saturday,1,0,0,34.91,10.12,481,493,432,9.05,142.41,10,83.6,Bakery,14.35
2024-07-28,Sunday,1,0,0,22.37,0.07,447,445,445,8.96,222.31,9,69.1,Fast_Food,10.32
2024-07-29,Monday,0,0,1,23.74,2.92,388,524,367,8.08,174.97,9,66.1,Indian,19.59
2024-07-30,Tuesday,0,0,0,29.57,0.0,378,405,360,13.12,173.47,7,71.7,Continental,13.17
2024-07-31,Wednesday,0,0,0,18.65,0.0,349,460,343,15.49,98.14,7,65.3,Indian,17.63
2024-08-01,Thursday,0,0,0,32.74,0.0,314,337,325,18.6,175.55,7,58.9,Indian,11.53
2024-08-02,Friday,0,0,0,29.81,0.0,290,301,264,11.92,165.96,8,64.1,Indian,12.22
2024-08-03,Saturday,1,0,0,31.05,0.0,390,467,396,14.17,116.09,7,66.5,Indian,15.07
2024-08-04,Sunday,1,0,0,29.51,17.79,409,469,394,12.88,214.64,9,80.7,Continental,16.65
2024-08-05,Monday,0,0,0,26.27,0.0,336,388,317,20.13,161.27,7,56.8,Chinese,14.2
2024-08-06,Tuesday,0,0,0,22.22,0.0,255,309,231,19.95,246.34,6,46.0,Fast_Food,13.56
2024-08-07,Wednesday,0,0,0,26.37,1.59,322,333,333,20.66,229.51,7,60.0,Bakery,10.69
2024-08-08,Thursday,0,0,0,22.61,6.32,331,405,343,18.06,154.8,7,45.8,Continental,14.19
2024-08-09,Friday,0,0,0,29.19,7.22,349,367,352,16.71,227.93,9,55.9,Indian,11.91
2024-08-10,Saturday,1,0,0,30.63,0.0,467,518,473,13.81,236.37,12,75.9,Bakery,11.54
2024-08-11,Sunday,1,0,0,33.65,2.65,416,534,402,12.44,160.43,11,65.3,Indian,16.78
2024-08-12,Monday,0,0,1,28.67,1.45,343,390,321,12.42,143.86,8,50.3,Continental,16.06
2024-08-13,Tuesday,0,1,0,31.16,2.33,241,252,239,14.78,104.56,5,35.2,Indian,9.18
2024-08-14,Wednesday,0,0,1,25.66,3.08,399,446,404,17.24,193.32,8,71.6,Bakery,14.11
2024-08-15,Thursday,0,0,0,24.85,4.78,300,394,244,14.48,145.93,6,54.2,Chinese,17.58
2024-08-16,Friday,0,0,1,29.13,0.0,405,521,423,13.73,194.37,10,70.4,Bakery,18.36
2024-08-17,Saturday,1,0,0,25.26,0.5,459,432,432,11.09,160.13,11,82.1,Bakery,10.31
2024-08-18,Sunday,1,0,0,28.21,26.5,356,354,323,12.53,152.71,9,58.7,Bakery,12.48
2024-08-19,Monday,0,0,0,22.22,0.0,349,355,340,15.71,160.35,7,58.4,Fast_Food,10.61
2024-08-20,Tuesday,0,0,0,23.03,2.75,375,472,376,17.07,134.51,8,64.9,Fast_Food,16.17
2024-08-21,Wednesday,0,1,0,29.86,1.49,341,358,299,18.86,160.33,10,68.1,Bakery,13.85
2024-08-22,Thursday,0,0,0,30.99,2.53,257,311,292,17.11,154.22,5,50.4,Indian,10.34
2024-08-23,Friday,0,0,1,22.56,10.43,345,423,322,15.13,179.5,9,56.6,Fast_Food,17.91
2024-08-24,Saturday,1,0,0,30.02,1.22,365,457,354,17.84,183.65,9,73.4,Indian,14.86
2024-08-25,Sunday,1,0,1,24.6,0.0,473,641,455,13.82,142.51,10,79.3,Chinese,21.14
2024-08-26,Monday,0,0,0,27.07,0.0,344,382,345,14.48,218.53,6,65.1,Chinese,11.87
2024-08-27,Tuesday,0,1,0,33.38,1.23,211,281,208,17.72,174.42,5,37.9,Bakery,14.83
2024-08-28,Wednesday,0,0,0,30.63,3.28,319,319,297,13.49,232.59,8,62.0,Chinese,9.57
2024-08-29,Thursday,0,0,0,30.58,0.0,358,419,327,13.26,188.44,7,71.1,Continental,14.01
2024-08-30,Friday,0,0,0,35.59,0.0,335,375,305,15.46,182.42,9,61.8,Continental,14.54
2024-08-31,Saturday,1,0,0,23.83,3.51,415,463,389,14.98,162.82,9,68.0,Fast_Food,14.88
2024-09-01,Sunday,1,0,1,22.56,3.73,442,456,442,17.16,201.52,11,72.7,Indian,14.66
2024-09-02,Monday,0,0,0,23.75,8.83,293,302,286,18.25,181.17,7,51.6,Continental,11.51
2024-09-03,Tuesday,0,0,0,25.85,0.0,329,418,335,16.46,210.05,9,66.9,Continental,14.59
2024-09-04,Wednesday,0,1,0,16.4,5.52,307,381,303,18.46,236.16,6,59.3,Bakery,13.3
2024-09-05,Thursday,0,1,0,26.07,1.5,327,384,349,14.2,154.56,7,66.2,Bakery,12.33
2024-09-06,Friday,0,0,0,24.55,0.04,354,425,376,13.46,201.47,6,60.3,Indian,13.86
2024-09-07,Saturday,1,0,0,30.53,1.66,413,489,418,18.94,200.48,9,84.7,Indian,13.9
2024-09-08,Sunday,1,0,0,28.59,2.37,448,513,403,20.65,196.03,11,73.1,Fast_Food,16.41
2024-09-09,Monday,0,0,0,24.3,0.0,317,352,314,14.8,164.84,7,50.9,Continental,11.58
2024-09-10,Tuesday,0,0,0,29.65,0.0,279,335,257,14.09,165.55,9,51.8,Fast_Food,12.14
2024-09-11,Wednesday,0,0,0,30.25,6.62,347,395,296,14.58,159.56,8,60.4,Fast_Food,16.41
2024-09-12,Thursday,0,0,0,23.54,0.4,334,382,339,15.66,158.87,7,58.8,Indian,11.34
2024-09-13,Friday,0,0,0,24.78,3.32,347,382,303,17.37,150.6,8,50.5,Bakery,13.23
2024-09-14,Saturday,1,1,0,16.99,6.36,341,375,356,19.81,176.34,6,68.3,Indian,13.71
2024-09-15,Sunday,1,0,0,22.09,1.69,473,577,417,16.22,153.48,10,86.8,Bakery,18.61
2024-09-16,Monday,0,1,0,23.66,5.66,330,422,301,18.69,195.25,6,58.7,Chinese,17.75
2024-09-17,Tuesday,0,0,0,27.33,2.4,320,458,291,18.29,181.99,7,58.2,Fast_Food,17.58
2024-09-18,Wednesday,0,0,0,22.75,2.67,297,335,317,17.19,185.92,7,52.7,Indian,11.52
2024-09-19,Thursday,0,0,0,24.69,11.38,368,427,398,11.21,170.43,9,57.0,Continental,10.37
2024-09-20,Friday,0,0,0,21.49,1.17,291,373,259,14.64,182.41,6,45.4,Indian,15.25
2024-09-21,Saturday,1,0,1,27.77,6.72,534,672,527,16.29,171.34,11,95.7,Fast_Food,21.17
2024-09-22,Sunday,1,1,0,28.92,0.0,364,467,385,16.93,207.28,10,51.5,Bakery,15.02
2024-09-23,Monday,0,0,1,28.81,3.1,435,616,371,13.44,164.52,7,88.5,Fast_Food,22.41
2024-09-24,Tuesday,0,0,0,27.06,14.55,324,349,265,20.3,193.14,7,59.3,Fast_Food,15.08
2024-09-25,Wednesday,0,0,0,20.07,28.17,385,519,369,17.48,134.28,9,71.7,Indian,19.73
2024-09-26,Thursday,0,0,0,24.21,0.0,304,401,295,14.15,204.92,7,54.6,Bakery,13.83
2024-09-27,Friday,0,0,0,25.17,0.38,331,391,324,11.78,160.43,8,54.8,Chinese,11.91
2024-09-28,Saturday,1,0,0,25.19,0.0,438,554,428,14.59,148.07,10,73.5,Continental,18.15
2024-09-29,Sunday,1,0,0,27.34,1.35,433,519,402,16.64,140.14,10,72.0,Indian,18.75
2024-09-30,Monday,0,0,0,33.41,8.18,369,389,381,14.87,137.37,8,63.9,Fast_Food,11.84
2024-10-01,Tuesday,0,0,0,30.65,11.82,313,361,310,14.81,163.15,5,56.7,Chinese,12.76
2024-10-02,Wednesday,0,0,0,22.56,12.22,333,378,335,15.74,232.45,7,64.2,Chinese,12.25
2024-10-03,Thursday,0,0,0,30.05,0.0,374,474,350,14.91,157.48,7,65.9,Indian,16.31
2024-10-04,Friday,0,0,1,29.88,2.25,350,429,301,13.65,102.68,7,50.4,Continental,16.86
2024-10-05,Saturday,1,0,0,23.37,0.0,430,494,432,16.8,192.79,11,61.1,Indian,14.32
2024-10-06,Sunday,1,0,0,30.82,1.08,402,480,350,17.14,141.0,10,64.9,Bakery,18.42
2024-10-07,Monday,0,0,0,26.28,0.0,337,327,327,17.52,208.52,9,47.5,Fast_Food,10.26
2024-10-08,Tuesday,0,0,0,20.66,0.0,333,434,330,13.05,165.26,8,56.2,Bakery,13.8
2024-10-09,Wednesday,0,0,0,29.05,11.94,302,390,300,11.19,170.41,7,51.5,Chinese,12.76
2024-10-10,Thursday,0,0,0,27.98,0.0,321,343,330,13.29,221.91,8,45.8,Fast_Food,9.85
2024-10-11,Friday,0,0,0,25.98,0.0,335,402,342,15.18,201.62,8,56.9,Chinese,11.54
2024-10-12,Saturday,1,0,0,26.83,14.64,406,467,390,16.84,136.38,11,61.9,Bakery,14.4
2024-10-13,Sunday,1,0,0,23.76,0.0,465,543,435,16.79,141.53,9,80.9,Chinese,18.29
2024-10-14,Monday,0,0,0,29.75,4.68,365,397,322,14.86,117.58,9,63.9,Chinese,12.94
2024-10-15,Tuesday,0,0,0,26.8,9.58,340,409,374,12.82,271.11,6,61.5,Chinese,10.83
2024-10-16,Wednesday,0,0,0,27.75,13.5,303,413,318,13.15,149.81,7,56.3,Continental,14.89
2024-10-17,Thursday,0,0,0,28.61,4.19,301,359,306,14.04,220.94,5,55.7,Bakery,11.69
2024-10-18,Friday,0,0,0,21.8,6.88,399,503,380,16.39,161.37,8,63.3,Indian,17.1
2024-10-19,Saturday,1,0,0,22.98,9.57,375,464,355,14.8,142.21,7,66.7,Continental,17.07
2024-10-20,Sunday,1,0,1,17.06,1.42,459,606,405,14.09,180.75,10,92.2,Chinese,20.69
2024-10-21,Monday,0,0,0,29.54,0.0,343,410,317,20.28,168.57,8,60.8,Indian,16.29
2024-10-22,Tuesday,0,0,1,21.55,15.75,364,462,329,20.65,208.07,11,67.6,Bakery,19.24
2024-10-23,Wednesday,0,0,1,27.6,5.95,340,436,361,15.95,208.5,7,57.7,Fast_Food,15.09
2024-10-24,Thursday,0,0,0,28.67,2.25,303,375,293,18.31,159.35,8,56.9,Bakery,16.09
2024-10-25,Friday,0,0,0,29.71,0.0,311,425,305,13.75,129.6,7,46.1,Chinese,13.59
2024-10-26,Saturday,1,0,0,21.58,4.54,385,449,370,13.67,138.1,9,74.3,Fast_Food,14.39
2024-10-27,Sunday,1,0,0,26.71,0.0,456,534,427,13.4,100.11,10,80.7,Continental,17.66
2024-10-28,Monday,0,0,0,34.52,2.19,330,390,301,14.14,170.39,8,51.3,Continental,13.87
2024-10-29,Tuesday,0,1,0,34.71,0.0,287,304,268,15.8,179.59,5,46.5,Indian,11.61
2024-10-30,Wednesday,0,0,0,31.44,0.0,334,393,319,14.77,140.0,5,42.1,Indian,13.24
2024-10-31,Thursday,0,0,0,28.52,12.36,353,436,334,15.89,135.77,8,71.6,Indian,14.99
2024-11-01,Friday,0,0,1,22.48,0.0,363,450,373,14.49,179.44,6,58.0,Fast_Food,15.3
2024-11-02,Saturday,1,0,0,30.23,2.46,442,565,456,15.27,157.88,11,69.6,Fast_Food,17.03
2024-11-03,Sunday,1,1,0,26.29,0.0,341,404,317,15.35,172.55,7,67.2,Continental,14.93
2024-11-04,Monday,0,0,1,29.52,3.88,416,532,399,11.9,167.15,8,79.6,Indian,19.56
2024-11-05,Tuesday,0,0,0,24.15,2.97,330,334,287,15.01,188.71,10,55.4,Fast_Food,13.28
2024-11-06,Wednesday,0,0,0,26.22,2.19,328,384,330,14.53,160.22,7,58.3,Indian,13.01
2024-11-07,Thursday,0,0,0,27.74,9.61,306,321,316,12.62,162.89,7,63.0,Bakery,10.48
2024-11-08,Friday,0,0,0,28.11,0.0,287,345,256,11.8,114.14,7,54.8,Chinese,12.34
2024-11-09,Saturday,1,0,0,29.22,0.0,352,379,326,12.5,178.24,9,59.7,Fast_Food,9.31
2024-11-10,Sunday,1,0,0,24.39,0.0,383,431,376,12.72,183.1,10,78.8,Indian,13.45
2024-11-11,Monday,0,0,1,20.96,3.0,396,474,393,17.25,173.78,7,78.5,Chinese,17.5
2024-11-12,Tuesday,0,0,0,34.31,5.05,296,338,321,20.34,246.91,7,61.0,Continental,12.36
2024-11-13,Wednesday,0,0,0,38.2,4.95,276,273,273,10.36,185.7,6,45.5,Continental,10.3
2024-11-14,Thursday,0,0,0,29.01,0.48,298,308,302,12.73,174.52,6,48.2,Indian,9.18
2024-11-15,Friday,0,0,0,21.04,16.15,317,326,326,14.9,197.47,7,68.7,Continental,11.37
2024-11-16,Saturday,1,0,0,23.52,4.41,398,358,358,13.23,253.95,7,49.4,Indian,12.28
2024-11-17,Sunday,1,0,0,29.29,14.35,405,407,358,15.0,188.85,10,72.8,Bakery,14.41
2024-11-18,Monday,0,1,0,33.04,11.72,341,423,315,17.98,102.18,7,51.2,Chinese,18.09
2024-11-19,Tuesday,0,0,0,21.54,0.48,374,451,356,13.37,195.12,8,66.9,Chinese,15.84
2024-11-20,Wednesday,0,0,0,26.44,8.22,400,461,401,14.45,149.23,9,78.6,Continental,12.99
2024-11-21,Thursday,0,0,0,27.88,0.47,273,340,253,18.53,112.71,6,42.7,Fast_Food,14.31
2024-11-22,Friday,0,0,0,30.89,18.13,300,322,302,13.66,239.41,8,49.2,Indian,10.57
2024-11-23,Saturday,1,0,0,25.45,0.86,434,495,421,13.13,231.85,9,68.1,Fast_Food,12.83
2024-11-24,Sunday,1,0,0,19.96,5.42,394,403,373,12.81,148.32,8,54.9,Bakery,11.69
2024-11-25,Monday,0,0,0,29.8,21.41,360,414,363,15.44,148.55,8,73.1,Chinese,15.28
2024-11-26,Tuesday,0,0,0,32.06,5.77,337,366,287,17.18,185.61,6,57.3,Indian,13.98
2024-11-27,Wednesday,0,0,0,26.63,0.07,385,482,409,16.04,149.02,9,76.0,Indian,12.57
2024-11-28,Thursday,0,0,0,28.82,0.0,366,437,335,15.16,175.27,7,59.0,Bakery,13.74
2024-11-29,Friday,0,0,0,24.86,0.0,367,398,346,11.27,155.04,7,61.1,Indian,12.75
2024-11-30,Saturday,1,0,1,23.19,4.92,441,512,486,15.82,165.99,10,78.5,Indian,14.02
2024-12-01,Sunday,1,0,0,31.62,1.66,407,480,401,13.66,130.85,11,74.4,Bakery,12.43
2024-12-02,Monday,0,0,1,28.74,0.0,364,395,395,13.78,208.94,8,56.0,Bakery,10.71
2024-12-03,Tuesday,0,0,1,29.21,7.17,322,380,304,15.34,222.13,7,63.0,Chinese,15.64
2024-12-04,Wednesday,0,0,0,33.76,7.04,382,419,353,15.25,176.49,8,70.1,Indian,14.98
2024-12-05,Thursday,0,0,1,22.25,1.57,401,475,382,16.86,178.73,8,73.0,Continental,17.24
2024-12-06,Friday,0,0,0,24.52,14.99,318,390,308,17.03,202.02,8,67.9,Fast_Food,14.75
2024-12-07,Saturday,1,0,0,27.71,0.0,456,562,411,16.1,180.07,10,87.2,Indian,19.63
2024-12-08,Sunday,1,0,0,24.46,0.21,388,420,363,16.74,240.53,6,84.4,Indian,12.96
2024-12-09,Monday,0,0,0,30.52,5.72,266,290,256,12.75,133.93,7,47.4,Bakery,10.59
2024-12-10,Tuesday,0,0,0,26.16,0.0,365,367,365,12.82,210.13,9,70.0,Fast_Food,9.2
2024-12-11,Wednesday,0,1,0,22.53,8.09,260,311,262,15.18,176.0,6,47.1,Chinese,12.88
2024-12-12,Thursday,0,0,0,27.3,11.11,323,357,289,12.44,140.76,5,53.3,Bakery,12.39
2024-12-13,Friday,0,0,0,27.77,0.0,337,378,284,11.84,258.65,7,52.0,Continental,13.04
2024-12-14,Saturday,1,0,0,31.21,15.5,423,472,401,11.52,263.48,10,77.2,Bakery,14.45
2024-12-15,Sunday,1,0,0,28.77,5.24,440,533,445,13.37,172.72,10,71.7,Indian,16.51
2024-12-16,Monday,0,0,0,29.08,0.0,350,398,373,17.16,195.57,8,54.6,Chinese,12.3
2024-12-17,Tuesday,0,0,0,28.44,0.0,349,418,338,16.23,163.51,9,64.4,Fast_Food,14.78
2024-12-18,Wednesday,0,0,0,26.15,9.44,302,383,284,10.47,169.14,7,59.0,Chinese,14.53
2024-12-19,Thursday,0,0,0,23.78,0.0,340,401,309,14.33,140.36,9,54.4,Chinese,14.14
2024-12-20,Friday,0,1,0,28.3,5.22,252,277,263,13.58,135.19,6,47.4,Fast_Food,9.44
2024-12-21,Saturday,1,0,0,25.5,0.0,465,464,429,14.4,244.55,10,74.6,Continental,12.69
2024-12-22,Sunday,1,0,0,34.6,2.06,361,364,327,13.57,178.64,9,53.3,Indian,10.6
2024-12-23,Monday,0,0,0,33.04,8.96,318,309,301,11.66,181.77,7,62.8,Chinese,11.22
2024-12-24,Tuesday,0,1,0,29.85,0.0,259,340,244,12.18,151.63,5,47.0,Fast_Food,13.08
2024-12-25,Wednesday,0,0,0,28.7,15.39,304,339,303,12.66,186.65,7,51.6,Continental,10.25
2024-12-26,Thursday,0,0,0,26.6,5.92,330,406,301,13.81,127.37,8,61.1,Chinese,15.94
2024-12-27,Friday,0,0,0,21.32,0.0,311,341,314,12.52,152.92,8,54.5,Indian,10.8
2024-12-28,Saturday,1,0,0,26.03,0.0,450,544,440,10.49,138.01,11,89.1,Indian,16.45
2024-12-29,Sunday,1,0,0,27.46,0.0,418,439,382,14.58,225.25,9,90.5,Fast_Food,12.99
2024-12-30,Monday,0,0,0,28.03,1.81,314,313,294,16.68,122.18,7,58.2,Fast_Food,9.95
2024-12-31,Tuesday,0,0,0,29.11,16.87,325,400,364,16.01,138.73,7,63.1,Continental,13.31
2025-01-01,Wednesday,0,0,0,31.15,20.04,373,432,311,13.21,108.33,9,63.9,Continental,17.44
2025-01-02,Thursday,0,0,0,23.89,0.0,362,434,371,12.77,148.85,6,55.1,Indian,12.7
2025-01-03,Friday,0,0,0,23.93,0.0,290,305,258,12.0,163.92,6,53.5,Chinese,12.37
2025-01-04,Saturday,1,0,0,33.53,7.35,386,448,420,14.92,214.22,11,63.9,Continental,13.73
2025-01-05,Sunday,1,0,0,30.47,7.27,427,496,397,12.24,172.23,8,72.3,Chinese,16.0
2025-01-06,Monday,0,0,1,25.24,13.0,387,370,370,15.64,165.63,9,74.8,Indian,12.11
2025-01-07,Tuesday,0,0,0,26.52,13.37,293,364,291,15.44,190.5,7,49.0,Indian,12.32
2025-01-08,Wednesday,0,0,0,26.54,0.0,356,350,350,17.55,164.5,8,57.7,Bakery,12.06
2025-01-09,Thursday,0,0,0,27.14,0.0,299,313,289,17.23,264.35,6,45.8,Continental,9.42
2025-01-10,Friday,0,0,1,29.13,6.04,421,504,377,16.24,159.31,10,71.3,Bakery,19.08
2025-01-11,Saturday,1,0,0,38.41,3.33,429,500,424,12.6,194.48,9,77.1,Fast_Food,14.34
2025-01-12,Sunday,1,0,1,27.85,0.0,415,554,376,14.92,208.93,8,72.5,Fast_Food,20.04
2025-01-13,Monday,0,0,0,29.98,5.63,311,353,343,16.11,158.31,8,53.8,Indian,10.83
2025-01-14,Tuesday,0,0,0,19.41,1.36,311,313,308,13.55,185.79,8,60.4,Indian,10.36
2025-01-15,Wednesday,0,0,0,24.82,5.82,336,396,296,16.15,162.47,7,52.0,Continental,14.86
2025-01-16,Thursday,0,0,0,32.53,0.0,323,371,314,15.14,189.59,7,55.2,Continental,13.98
2025-01-17,Friday,0,0,0,28.81,6.43,290,283,283,13.33,183.53,6,53.6,Indian,10.26
2025-01-18,Saturday,1,0,0,16.0,4.15,361,376,343,15.47,175.09,6,70.2,Continental,12.37
2025-01-19,Sunday,1,0,0,30.03,7.09,429,570,405,13.47,139.56,10,83.6,Indian,18.01
2025-01-20,Monday,0,0,1,35.63,0.0,385,455,377,13.77,245.23,9,70.0,Indian,16.01
2025-01-21,Tuesday,0,0,0,18.02,0.0,334,352,284,11.65,200.52,7,50.5,Bakery,14.68
2025-01-22,Wednesday,0,0,0,33.84,0.0,339,341,313,11.25,124.4,8,56.7,Continental,10.56
2025-01-23,Thursday,0,0,0,16.0,0.57,308,381,289,10.78,165.29,7,46.1,Chinese,14.63
2025-01-24,Friday,0,0,0,31.22,10.59,336,351,351,14.32,125.07,8,58.9,Indian,8.84
2025-01-25,Saturday,1,0,0,26.96,13.99,499,514,478,11.2,206.67,10,86.1,Bakery,12.69
2025-01-26,Sunday,1,0,0,16.43,0.0,451,462,445,8.39,179.24,11,69.9,Bakery,10.54
2025-01-27,Monday,0,1,0,29.01,1.81,295,312,260,11.64,180.14,5,51.1,Indian,13.26
2025-01-28,Tuesday,0,0,0,32.18,17.11,312,354,288,11.47,150.52,8,60.1,Chinese,12.86
2025-01-29,Wednesday,0,0,0,28.64,19.41,230,239,239,12.92,168.96,5,43.9,Continental,10.94
2025-01-30,Thursday,0,0,0,29.63,0.4,367,439,348,15.63,207.55,7,71.0,Indian,14.58
2025-01-31,Friday,0,0,0,25.15,11.66,358,441,377,15.28,216.95,8,74.7,Continental,14.08
2025-02-01,Saturday,1,0,0,18.62,9.56,391,446,370,17.97,209.62,9,73.9,Indian,14.85
2025-02-02,Sunday,1,0,0,30.11,8.66,360,433,337,15.85,125.67,8,56.9,Indian,17.41
2025-02-03,Monday,0,0,0,34.87,0.0,290,363,296,17.5,173.49,6,46.0,Continental,12.5
2025-02-04,Tuesday,0,0,0,32.08,0.0,346,424,386,14.47,188.87,8,56.8,Chinese,11.39
2025-02-05,Wednesday,0,0,0,18.05,1.26,327,386,285,14.21,154.28,8,60.9,Continental,13.89
2025-02-06,Thursday,0,0,0,20.18,1.12,354,387,348,12.55,121.93,9,74.2,Indian,12.37
2025-02-07,Friday,0,0,1,23.19,1.75,378,476,334,11.33,134.97,9,57.4,Continental,17.48
2025-02-08,Saturday,1,0,0,19.83,21.44,444,460,390,13.31,232.49,9,84.5,Bakery,16.85
2025-02-09,Sunday,1,0,1,27.2,0.54,468,513,406,10.9,138.3,9,77.7,Continental,18.13
2025-02-10,Monday,0,0,0,28.77,4.48,359,382,364,13.54,181.66,6,75.6,Continental,11.99
2025-02-11,Tuesday,0,0,0,20.56,4.22,257,319,270,12.64,174.53,6,52.5,Continental,11.98
2025-02-12,Wednesday,0,0,0,30.5,1.82,287,329,268,13.79,174.62,7,52.4,Fast_Food,11.81
2025-02-13,Thursday,0,0,0,29.7,0.0,317,348,314,11.05,168.8,6,67.8,Fast_Food,10.53
2025-02-14,Friday,0,0,0,24.53,2.54,368,459,360,13.92,207.62,8,72.1,Indian,15.05
2025-02-15,Saturday,1,0,0,26.22,0.0,476,582,434,18.19,181.25,10,79.7,Indian,19.69
2025-02-16,Sunday,1,0,0,18.23,5.23,404,380,350,20.23,158.1,10,68.6,Continental,13.0
2025-02-17,Monday,0,0,0,25.5,0.0,309,323,262,20.65,181.8,8,54.7,Fast_Food,12.19
2025-02-18,Tuesday,0,0,0,27.03,4.53,262,240,240,17.12,135.29,5,53.7,Indian,10.74
2025-02-19,Wednesday,0,0,0,27.76,0.0,360,444,405,13.93,196.66,9,59.0,Continental,12.43
2025-02-20,Thursday,0,0,0,28.7,0.0,311,349,280,14.81,156.17,7,59.6,Continental,11.36
2025-02-21,Friday,0,0,0,28.1,7.5,434,500,393,13.97,158.18,9,86.3,Chinese,15.68
2025-02-22,Saturday,1,0,0,25.81,0.08,384,423,374,10.74,197.96,8,55.2,Fast_Food,13.29
2025-02-23,Sunday,1,1,0,28.29,2.24,459,491,427,14.22,165.74,10,73.6,Chinese,14.93
2025-02-24,Monday,0,0,0,31.51,0.0,356,412,304,13.65,167.71,7,59.9,Continental,14.98
2025-02-25,Tuesday,0,0,0,26.57,15.07,294,381,292,11.21,220.87,6,48.6,Fast_Food,11.61
2025-02-26,Wednesday,0,0,0,28.43,2.8,338,415,312,12.0,145.94,7,52.7,Bakery,13.84
2025-02-27,Thursday,0,0,0,26.16,2.78,357,408,345,13.17,197.44,7,57.1,Continental,12.24
2025-02-28,Friday,0,0,0,24.09,5.4,322,327,287,13.71,213.23,9,52.2,Chinese,12.05
2025-03-01,Saturday,1,0,0,29.35,16.62,439,404,390,13.7,220.84,10,76.9,Fast_Food,12.07
2025-03-02,Sunday,1,0,0,24.5,0.39,439,454,427,16.35,256.18,12,90.7,Fast_Food,12.08
2025-03-03,Monday,0,0,0,28.74,15.65,351,388,321,11.84,157.53,8,44.0,Chinese,12.51
2025-03-04,Tuesday,0,0,0,27.13,0.25,329,403,328,12.8,149.62,8,55.1,Chinese,14.5
2025-03-05,Wednesday,0,0,0,25.63,0.0,289,373,239,11.73,208.6,5,48.1,Indian,14.41
2025-03-06,Thursday,0,0,1,25.52,4.86,372,441,344,16.65,212.91,8,64.2,Fast_Food,16.1
2025-03-07,Friday,0,0,0,24.71,25.51,336,398,336,14.42,152.32,8,64.0,Chinese,13.37
2025-03-08,Saturday,1,0,0,19.59,11.64,344,344,300,13.48,196.97,7,55.9,Indian,12.34
2025-03-09,Sunday,1,0,0,28.72,5.72,416,504,410,15.9,275.35,9,63.9,Continental,16.63
2025-03-10,Monday,0,0,0,28.04,4.74,327,419,305,18.2,183.66,8,59.7,Bakery,16.88
2025-03-11,Tuesday,0,0,1,30.82,2.48,330,414,322,19.8,212.32,8,58.2,Indian,18.01
2025-03-12,Wednesday,0,0,0,24.61,14.95,318,362,321,13.4,235.19,6,53.8,Continental,14.83
2025-03-13,Thursday,0,0,0,35.53,7.74,319,414,316,14.58,267.63,7,51.4,Bakery,13.03
2025-03-14,Friday,0,0,1,25.29,0.0,443,531,497,15.33,188.6,10,76.7,Bakery,15.04
2025-03-15,Saturday,1,0,0,23.06,0.0,418,443,426,14.2,223.86,9,82.2,Chinese,11.12
2025-03-16,Sunday,1,0,0,22.53,6.01,446,471,405,13.74,152.4,9,77.6,Indian,16.51
2025-03-17,Monday,0,0,0,19.2,0.0,326,387,326,16.8,180.87,8,62.6,Chinese,13.16
2025-03-18,Tuesday,0,0,0,33.9,2.76,264,309,236,17.58,164.37,5,41.2,Chinese,11.14
2025-03-19,Wednesday,0,0,0,33.17,8.58,354,389,347,17.76,114.01,8,59.1,Continental,14.02
2025-03-20,Thursday,0,1,0,29.7,4.91,282,353,269,15.95,123.89,8,55.6,Continental,15.06
2025-03-21,Friday,0,0,1,22.97,0.0,363,476,329,20.18,195.05,5,48.5,Fast_Food,20.16
2025-03-22,Saturday,1,0,1,35.15,0.0,418,528,366,16.96,195.74,10,72.9,Continental,20.42
2025-03-23,Sunday,1,1,0,25.42,5.16,388,503,342,13.02,143.54,9,74.1,Bakery,18.86
2025-03-24,Monday,0,0,0,25.79,23.03,367,415,345,14.21,234.51,7,64.2,Fast_Food,13.66
2025-03-25,Tuesday,0,0,0,33.47,1.56,363,438,374,14.36,141.15,9,69.4,Continental,13.16
2025-03-26,Wednesday,0,0,0,29.97,8.94,386,379,349,17.1,189.0,10,64.2,Indian,13.3
2025-03-27,Thursday,0,0,0,36.9,4.98,390,510,369,13.93,165.47,7,53.7,Fast_Food,17.07
2025-03-28,Friday,0,0,0,28.12,0.0,258,263,230,16.04,183.74,5,37.2,Fast_Food,11.57
2025-03-29,Saturday,1,0,0,25.21,9.07,368,404,346,11.36,211.45,8,68.9,Chinese,12.72
2025-03-30,Sunday,1,0,0,24.25,0.0,347,324,324,15.19,206.51,9,69.1,Indian,11.0
2025-03-31,Monday,0,0,0,18.69,8.29,352,415,326,13.99,204.77,7,54.6,Continental,13.63
2025-04-01,Tuesday,0,0,0,25.75,5.46,306,346,311,13.74,200.31,7,58.7,Indian,12.82
2025-04-02,Wednesday,0,0,0,32.15,0.0,313,372,320,18.29,135.45,6,56.3,Fast_Food,11.74
2025-04-03,Thursday,0,0,0,29.69,0.0,322,371,336,18.21,219.71,7,50.8,Indian,13.2
2025-04-04,Friday,0,0,0,27.09,0.0,343,378,306,13.33,142.89,9,53.4,Continental,13.86
2025-04-05,Saturday,1,0,0,22.52,0.0,358,413,363,13.62,176.29,8,64.2,Chinese,12.43
2025-04-06,Sunday,1,0,0,28.02,0.77,366,431,373,19.75,167.7,8,64.6,Chinese,14.7
2025-04-07,Monday,0,0,0,31.56,0.29,330,345,314,20.94,192.25,7,64.5,Fast_Food,10.11
2025-04-08,Tuesday,0,0,0,28.94,0.0,372,404,387,18.82,163.03,7,53.3,Indian,11.61
2025-04-09,Wednesday,0,0,0,27.75,0.0,329,420,318,11.61,174.45,6,54.1,Indian,14.92
2025-04-10,Thursday,0,0,1,23.41,0.0,347,427,321,16.38,236.66,9,62.9,Indian,19.1
2025-04-11,Friday,0,0,0,30.9,10.82,255,291,253,14.25,134.67,7,45.2,Indian,11.29
2025-04-12,Saturday,1,0,0,16.0,0.0,443,578,450,16.78,179.91,8,84.3,Chinese,14.96
2025-04-13,Sunday,1,0,0,28.72,0.86,384,451,334,14.5,141.01,9,66.7,Indian,15.76
2025-04-14,Monday,0,0,0,38.57,0.08,290,301,264,16.0,203.6,7,41.6,Chinese,11.51
2025-04-15,Tuesday,0,0,0,20.21,15.3,270,316,282,13.24,154.56,5,55.6,Fast_Food,11.8
2025-04-16,Wednesday,0,0,0,25.91,0.0,280,288,288,12.57,181.35,6,42.9,Bakery,9.09
2025-04-17,Thursday,0,1,1,26.96,0.0,316,453,316,14.02,133.64,6,65.2,Indian,17.24
2025-04-18,Friday,0,0,0,24.92,5.64,322,302,302,12.05,225.2,9,53.1,Bakery,10.59
2025-04-19,Saturday,1,0,0,31.66,3.24,368,384,359,17.64,182.55,10,70.2,Bakery,12.92
2025-04-20,Sunday,1,0,0,29.13,5.87,416,484,379,12.98,184.82,8,79.2,Continental,15.43
2025-04-21,Monday,0,0,0,27.69,5.35,321,373,342,11.72,209.02,6,48.3,Fast_Food,11.31
2025-04-22,Tuesday,0,0,0,30.59,9.35,408,480,363,14.02,136.2,10,72.1,Continental,16.37
2025-04-23,Wednesday,0,0,0,27.08,0.0,270,299,287,17.56,158.47,7,59.5,Indian,10.18
2025-04-24,Thursday,0,0,0,39.0,4.87,336,314,314,14.33,185.95,9,53.2,Bakery,9.9
2025-04-25,Friday,0,0,0,27.68,0.0,336,410,325,11.09,118.33,6,54.9,Bakery,12.99
2025-04-26,Saturday,1,0,0,27.88,0.0,374,452,363,10.98,122.09,9,51.8,Chinese,14.73
2025-04-27,Sunday,1,0,0,19.3,5.29,413,512,438,10.74,151.26,8,64.3,Indian,12.12
2025-04-28,Monday,0,0,0,24.55,4.84,357,433,315,13.4,140.07,9,61.5,Indian,16.78
2025-04-29,Tuesday,0,1,0,32.16,2.02,308,279,272,14.29,167.96,7,47.1,Continental,11.46
2025-04-30,Wednesday,0,0,0,20.99,9.54,378,403,349,14.45,198.29,10,59.5,Bakery,12.91
2025-05-01,Thursday,0,0,0,17.29,0.0,254,284,255,14.95,206.25,6,43.1,Indian,10.57
2025-05-02,Friday,0,0,0,27.15,6.63,301,321,317,15.89,243.33,6,57.6,Continental,9.81
2025-05-03,Saturday,1,0,0,33.17,1.27,462,500,433,13.3,179.21,10,66.6,Fast_Food,12.51
2025-05-04,Sunday,1,0,0,27.19,1.64,442,515,396,12.16,185.4,10,78.1,Chinese,15.36
2025-05-05,Monday,0,0,0,25.49,0.0,349,409,318,14.25,179.13,7,54.1,Continental,12.76
2025-05-06,Tuesday,0,0,0,18.64,9.66,373,417,341,14.38,191.21,10,72.3,Chinese,12.77
2025-05-07,Wednesday,0,0,0,29.04,4.54,263,309,244,14.94,193.94,7,46.0,Indian,10.88
2025-05-08,Thursday,0,0,0,29.98,6.29,358,434,352,12.94,212.27,8,62.0,Continental,15.65
2025-05-09,Friday,0,0,0,18.98,0.0,367,435,329,15.22,212.14,9,65.9,Indian,14.13
2025-05-10,Saturday,1,0,0,32.11,3.71,387,386,386,12.53,198.18,11,64.4,Fast_Food,10.12
2025-05-11,Sunday,1,0,0,30.45,1.26,502,552,472,11.67,232.86,12,83.8,Chinese,16.28
2025-05-12,Monday,0,0,0,32.1,4.94,337,426,306,15.69,180.94,7,54.5,Fast_Food,16.42
2025-05-13,Tuesday,0,0,0,29.63,3.4,253,241,241,13.01,158.6,6,45.5,Continental,9.09
2025-05-14,Wednesday,0,0,0,29.94,18.35,343,401,325,15.17,164.32,6,53.1,Bakery,14.11
2025-05-15,Thursday,0,0,0,29.34,13.14,305,354,317,11.64,176.3,8,57.3,Fast_Food,11.14
2025-05-16,Friday,0,0,0,30.91,0.73,371,385,358,9.19,142.07,9,73.3,Fast_Food,12.57
2025-05-17,Saturday,1,0,0,18.82,5.28,429,517,473,8.17,158.53,11,73.8,Chinese,12.5
2025-05-18,Sunday,1,0,0,20.25,0.38,389,478,404,11.46,140.11,9,57.8,Chinese,14.04
2025-05-19,Monday,0,0,0,23.69,9.25,383,419,380,14.65,192.04,9,65.7,Fast_Food,14.58
2025-05-20,Tuesday,0,0,1,26.42,1.46,408,493,370,16.9,192.38,8,81.9,Fast_Food,18.63
2025-05-21,Wednesday,0,0,0,28.75,0.0,301,304,304,18.75,118.09,7,47.9,Fast_Food,11.2
2025-05-22,Thursday,0,1,0,28.46,3.62,300,370,310,17.34,157.11,6,45.8,Indian,14.29
2025-05-23,Friday,0,0,0,32.03,12.09,348,386,342,13.69,243.88,8,70.0,Indian,13.13
2025-05-24,Saturday,1,0,0,32.17,10.1,397,454,352,11.84,202.04,8,70.5,Indian,14.5
2025-05-25,Sunday,1,0,0,23.07,0.06,398,498,398,15.29,195.9,9,63.0,Indian,14.4
2025-05-26,Monday,0,0,0,28.07,16.83,331,445,336,18.21,156.75,9,50.2,Fast_Food,15.29
2025-05-27,Tuesday,0,0,1,23.18,0.0,338,456,327,14.23,190.05,8,70.4,Continental,18.9
2025-05-28,Wednesday,0,0,0,26.15,0.0,252,239,239,17.8,179.49,6,40.2,Continental,10.88
2025-05-29,Thursday,0,0,1,28.45,8.79,383,507,379,10.78,152.11,9,74.2,Indian,19.3
2025-05-30,Friday,0,0,0,16.0,0.0,260,326,225,14.25,162.72,8,55.9,Fast_Food,13.22
2025-05-31,Saturday,1,0,0,37.85,2.26,375,374,359,14.39,163.51,8,74.4,Indian,12.11
2025-06-01,Sunday,1,1,1,29.55,0.71,368,427,367,13.21,127.9,9,60.5,Indian,16.14
2025-06-02,Monday,0,0,0,24.32,17.79,272,363,278,13.73,133.68,8,47.7,Fast_Food,13.08
2025-06-03,Tuesday,0,0,0,35.67,0.0,345,410,351,12.32,173.02,8,73.6,Fast_Food,11.88
2025-06-04,Wednesday,0,0,0,25.44,0.0,322,292,292,14.23,150.32,5,59.6,Indian,8.45
2025-06-05,Thursday,0,0,0,27.6,20.18,321,411,320,13.54,169.47,6,63.4,Indian,14.48
2025-06-06,Friday,0,0,1,24.81,0.76,329,408,339,16.24,123.8,8,46.9,Chinese,15.0
2025-06-07,Saturday,1,0,0,34.43,11.59,387,393,346,18.64,208.05,8,70.9,Continental,15.62
2025-06-08,Sunday,1,0,0,26.53,0.1,423,436,401,16.23,252.82,11,75.7,Indian,14.34
2025-06-09,Monday,0,0,0,27.67,0.0,328,420,348,12.92,215.96,9,55.0,Continental,13.5
2025-06-10,Tuesday,0,1,0,32.42,12.22,334,373,325,11.18,219.57,7,48.6,Chinese,14.8
2025-06-11,Wednesday,0,0,1,29.63,24.85,409,506,416,16.34,201.91,8,63.6,Continental,18.64
2025-06-12,Thursday,0,0,0,26.76,13.23,321,381,315,18.89,189.3,7,55.1,Fast_Food,14.75
2025-06-13,Friday,0,0,0,32.0,0.0,265,280,278,18.24,183.03,5,50.0,Fast_Food,9.58
2025-06-14,Saturday,1,0,1,38.42,2.02,429,532,467,15.37,147.99,11,91.7,Indian,15.31
2025-06-15,Sunday,1,0,0,28.43,0.0,407,459,360,16.49,204.15,8,76.0,Indian,15.44
2025-06-16,Monday,0,0,0,27.53,0.0,303,335,284,18.48,202.07,7,59.3,Indian,14.28
2025-06-17,Tuesday,0,0,0,27.77,0.0,293,300,273,14.57,163.79,8,52.4,Indian,10.64
2025-06-18,Wednesday,0,0,0,32.9,0.19,332,368,343,13.94,198.41,8,53.8,Chinese,10.6
2025-06-19,Thursday,0,0,0,24.3,2.9,415,464,379,11.14,155.71,10,73.1,Indian,14.41
2025-06-20,Friday,0,0,0,25.75,2.24,313,349,317,12.75,157.94,7,58.9,Fast_Food,10.19
2025-06-21,Saturday,1,0,0,20.08,7.32,410,447,404,16.52,207.13,11,76.6,Fast_Food,14.28
2025-06-22,Sunday,1,0,1,21.67,3.23,409,570,378,17.32,195.07,9,83.2,Fast_Food,23.46
2025-06-23,Monday,0,1,0,24.67,6.44,349,385,341,17.4,171.88,9,56.8,Chinese,13.53
2025-06-24,Tuesday,0,0,0,26.75,7.86,361,384,330,9.43,167.83,8,67.9,Fast_Food,12.31
2025-06-25,Wednesday,0,0,0,34.96,0.0,358,329,324,10.45,186.12,6,57.1,Continental,11.35
2025-06-26,Thursday,0,0,0,29.41,1.36,378,429,351,11.99,115.76,8,66.6,Fast_Food,13.44
2025-06-27,Friday,0,0,0,22.9,49.24,315,321,301,12.86,153.48,7,53.4,Indian,11.34
2025-06-28,Saturday,1,0,0,23.72,0.0,399,429,391,13.1,135.72,9,64.8,Bakery,11.85
2025-06-29,Sunday,1,0,0,33.19,6.94,470,581,501,13.88,180.41,10,83.3,Chinese,15.84
2025-06-30,Monday,0,0,0,32.07,0.0,352,423,295,13.03,218.1,8,76.7,Indian,16.35
2025-07-01,Tuesday,0,0,0,27.13,8.14,252,335,211,14.38,196.7,6,40.8,Chinese,13.02
2025-07-02,Wednesday,0,1,0,25.01,0.0,321,376,341,14.63,162.1,7,58.7,Indian,11.82
2025-07-03,Thursday,0,1,0,32.06,2.44,285,401,300,12.46,155.27,6,47.4,Bakery,13.78
2025-07-04,Friday,0,1,0,22.53,1.88,336,435,309,17.88,153.61,6,57.0,Continental,18.37
2025-07-05,Saturday,1,0,0,28.76,1.99,424,530,411,15.51,249.99,10,86.1,Bakery,16.07
2025-07-06,Sunday,1,0,0,37.23,1.18,349,409,322,10.45,182.38,9,67.8,Bakery,13.18
2025-07-07,Monday,0,0,0,27.92,5.01,339,389,307,16.67,186.99,9,63.2,Continental,14.29
2025-07-08,Tuesday,0,0,0,23.51,11.12,337,407,337,13.62,106.11,7,56.1,Fast_Food,13.83
2025-07-09,Wednesday,0,0,0,28.85,0.0,343,359,327,15.95,138.67,10,65.3,Bakery,12.87
2025-07-10,Thursday,0,0,0,24.88,1.3,350,422,369,13.06,178.45,7,57.5,Indian,12.98
2025-07-11,Friday,0,0,0,20.73,0.0,382,428,406,14.77,162.56,7,71.3,Indian,12.84
2025-07-12,Saturday,1,0,0,30.15,3.14,424,502,367,13.8,184.66,8,82.1,Chinese,18.39
2025-07-13,Sunday,1,0,0,32.03,0.0,411,436,407,17.03,184.2,8,59.6,Continental,11.42
2025-07-14,Monday,0,0,0,25.6,2.18,370,370,368,14.54,201.02,9,81.9,Fast_Food,10.83
2025-07-15,Tuesday,0,0,0,25.3,3.4,408,464,418,12.13,114.58,9,65.1,Chinese,12.2
2025-07-16,Wednesday,0,0,0,22.67,0.0,362,419,349,13.57,141.32,7,67.7,Fast_Food,11.68
2025-07-17,Thursday,0,0,1,26.33,4.41,382,421,395,13.11,176.51,8,64.4,Continental,13.57
2025-07-18,Friday,0,0,0,24.47,10.54,345,396,313,8.97,157.34,7,58.2,Chinese,13.89
2025-07-19,Saturday,1,0,0,22.45,6.12,419,460,389,10.71,169.14,8,78.6,Fast_Food,14.82
2025-07-20,Sunday,1,0,0,35.51,0.0,411,483,408,18.98,183.82,10,75.9,Fast_Food,13.57
2025-07-21,Monday,0,0,1,29.1,1.84,451,541,442,12.43,153.93,12,92.4,Chinese,17.96
2025-07-22,Tuesday,0,0,0,29.58,2.44,304,323,323,14.31,186.73,9,56.2,Chinese,11.66
2025-07-23,Wednesday,0,0,0,30.98,1.39,370,379,337,12.91,199.04,9,68.1,Fast_Food,13.64
2025-07-24,Thursday,0,0,0,30.47,0.0,326,359,296,17.35,182.28,7,52.9,Chinese,9.82
2025-07-25,Friday,0,1,0,25.14,0.0,253,297,245,13.12,205.23,5,48.3,Indian,14.12
2025-07-26,Saturday,1,0,0,28.23,0.97,403,478,414,13.75,103.95,10,84.6,Fast_Food,14.24
2025-07-27,Sunday,1,0,0,25.79,3.31,391,513,371,15.47,159.49,8,64.8,Indian,15.19
2025-07-28,Monday,0,0,0,28.97,0.0,350,464,295,15.27,211.23,8,64.2,Indian,17.36
2025-07-29,Tuesday,0,0,0,28.54,0.0,333,386,305,14.21,149.75,9,48.2,Bakery,14.92
2025-07-30,Wednesday,0,0,0,25.28,0.0,294,361,267,14.32,145.0,7,46.6,Continental,14.5
2025-07-31,Thursday,0,0,0,21.02,18.32,381,395,329,13.89,175.58,11,65.7,Chinese,13.41
2025-08-01,Friday,0,0,0,27.66,4.46,368,477,373,13.36,179.39,7,77.6,Chinese,15.07
2025-08-02,Saturday,1,0,0,26.08,3.13,466,549,478,16.31,161.29,11,83.5,Indian,15.9
2025-08-03,Sunday,1,0,0,18.49,0.0,418,390,390,16.08,244.53,10,55.4,Indian,10.83
2025-08-04,Monday,0,0,0,29.28,0.0,329,353,279,15.45,190.03,6,62.8,Bakery,13.41
2025-08-05,Tuesday,0,0,0,31.34,0.0,355,388,339,15.57,148.4,9,58.4,Indian,13.78
2025-08-06,Wednesday,0,0,0,38.38,0.0,310,297,297,16.7,129.62,8,52.8,Indian,9.77
2025-08-07,Thursday,0,0,0,25.24,4.09,335,368,343,17.39,194.2,10,65.3,Fast_Food,10.07
2025-08-08,Friday,0,0,0,24.58,3.17,324,430,319,14.49,147.57,8,62.4,Bakery,14.37
2025-08-09,Saturday,1,0,0,22.01,0.0,359,366,320,16.66,255.34,6,76.3,Fast_Food,11.49
2025-08-10,Sunday,1,0,0,27.94,1.38,414,487,392,12.2,194.98,10,67.9,Indian,14.43
2025-08-11,Monday,0,0,0,27.91,2.24,315,419,286,8.67,199.6,8,62.2,Indian,13.23
2025-08-12,Tuesday,0,1,1,23.35,0.0,342,468,297,16.52,188.7,7,71.7,Bakery,20.91
2025-08-13,Wednesday,0,0,0,26.21,4.88,343,381,355,15.75,219.25,8,59.3,Fast_Food,12.18
2025-08-14,Thursday,0,0,1,18.1,3.06,420,463,408,14.96,96.16,9,84.5,Fast_Food,14.3
2025-08-15,Friday,0,0,1,31.17,0.12,345,441,356,11.69,137.89,8,52.5,Chinese,14.63
2025-08-16,Saturday,1,0,0,23.53,0.0,398,456,368,10.49,216.19,10,63.8,Fast_Food,13.44
2025-08-17,Sunday,1,0,0,26.84,0.0,383,481,370,11.21,232.52,10,65.3,Bakery,14.13
2025-08-18,Monday,0,0,0,20.58,0.0,301,368,298,14.79,136.77,5,50.5,Chinese,13.71
2025-08-19,Tuesday,0,0,0,24.38,0.0,309,344,242,13.36,116.35,6,53.1,Chinese,13.11
2025-08-20,Wednesday,0,0,0,25.74,0.0,323,347,256,13.5,185.86,6,54.7,Indian,13.39
2025-08-21,Thursday,0,0,0,26.95,13.81,351,410,340,12.53,196.99,10,57.8,Fast_Food,12.37
2025-08-22,Friday,0,1,0,29.16,13.11,316,330,330,16.04,185.16,8,55.0,Indian,12.42
2025-08-23,Saturday,1,0,0,33.48,1.21,373,475,319,16.13,177.91,6,71.4,Indian,17.86
2025-08-24,Sunday,1,1,0,30.3,3.28,430,481,418,15.07,115.19,9,95.4,Continental,17.41
2025-08-25,Monday,0,0,0,31.33,4.75,363,370,370,16.04,166.87,8,73.8,Fast_Food,10.88
2025-08-26,Tuesday,0,0,0,33.51,1.29,298,350,295,13.68,172.09,6,48.0,Chinese,13.17
2025-08-27,Wednesday,0,0,1,29.56,3.73,418,561,420,13.07,160.81,10,74.4,Bakery,18.8
2025-08-28,Thursday,0,0,0,26.83,5.84,341,373,338,14.47,112.84,9,65.7,Indian,11.07
2025-08-29,Friday,0,0,0,31.54,2.83,325,307,307,15.34,200.47,7,64.2,Continental,10.65
2025-08-30,Saturday,1,0,0,31.83,7.34,423,495,382,11.94,210.3,9,85.3,Continental,15.81
2025-08-31,Sunday,1,0,0,29.92,0.0,409,447,387,14.84,152.19,8,58.3,Continental,12.17
2025-09-01,Monday,0,0,0,20.45,1.83,349,343,343,19.89,173.49,8,71.5,Continental,12.65
2025-09-02,Tuesday,0,0,0,23.21,36.1,337,381,303,16.35,162.61,7,66.6,Continental,15.59
2025-09-03,Wednesday,0,0,0,25.76,9.6,318,330,330,15.37,162.95,7,45.9,Fast_Food,9.23
2025-09-04,Thursday,0,0,1,30.51,2.97,304,399,327,13.73,197.26,7,64.2,Fast_Food,14.74
2025-09-05,Friday,0,0,1,26.9,0.0,393,497,363,15.1,198.11,7,72.1,Bakery,18.74
2025-09-06,Saturday,1,0,0,32.12,2.1,397,483,360,11.86,217.62,8,71.5,Bakery,17.44
2025-09-07,Sunday,1,1,0,32.92,8.87,412,488,434,17.55,216.89,9,74.2,Continental,15.92
2025-09-08,Monday,0,0,0,32.4,6.78,347,355,312,17.71,173.99,9,64.0,Fast_Food,12.5
2025-09-09,Tuesday,0,0,0,32.42,0.0,318,349,325,14.07,279.47,8,52.3,Chinese,11.55
2025-09-10,Wednesday,0,0,0,22.33,4.87,366,394,352,13.69,234.25,8,71.7,Continental,12.68
2025-09-11,Thursday,0,0,0,29.17,0.0,337,386,362,12.44,156.97,8,61.0,Indian,11.12
2025-09-12,Friday,0,1,0,24.27,0.0,311,354,325,13.54,184.43,7,54.9,Chinese,12.7
2025-09-13,Saturday,1,0,0,19.58,1.12,405,525,385,13.58,110.5,10,72.5,Bakery,15.87
2025-09-14,Sunday,1,0,0,25.71,10.66,469,499,458,15.29,180.95,11,90.0,Fast_Food,12.75
2025-09-15,Monday,0,0,0,32.96,5.23,305,352,352,12.11,238.58,8,55.3,Indian,9.25
2025-09-16,Tuesday,0,0,0,29.07,0.58,319,334,291,11.39,277.35,6,63.0,Continental,11.43
2025-09-17,Wednesday,0,0,0,36.08,7.61,287,316,285,15.16,175.76,6,51.5,Chinese,12.49
2025-09-18,Thursday,0,0,0,27.8,23.58,355,427,328,13.02,191.72,8,57.3,Fast_Food,13.52
2025-09-19,Friday,0,0,0,38.02,2.15,310,329,323,8.23,201.19,7,61.6,Indian,9.25
2025-09-20,Saturday,1,0,0,27.8,0.0,394,407,388,10.44,249.29,11,71.1,Continental,10.76
2025-09-21,Sunday,1,1,0,27.1,0.0,367,410,314,17.23,145.6,6,71.2,Fast_Food,17.26
2025-09-22,Monday,0,0,0,21.24,0.0,332,402,289,17.77,272.94,7,61.3,Continental,16.95
2025-09-23,Tuesday,0,0,0,32.0,0.0,286,344,269,15.07,168.9,6,49.0,Indian,13.38
2025-09-24,Wednesday,0,0,0,24.74,0.3,251,303,242,14.57,139.04,6,45.4,Fast_Food,12.36
2025-09-25,Thursday,0,1,0,24.09,3.49,321,391,282,15.78,168.97,9,62.3,Fast_Food,14.1
2025-09-26,Friday,0,0,0,32.77,0.0,256,296,220,11.55,151.66,7,52.9,Chinese,14.04
2025-09-27,Saturday,1,0,0,32.21,5.76,440,404,404,11.22,194.67,8,73.1,Indian,10.29
2025-09-28,Sunday,1,0,0,32.09,0.0,465,486,442,12.93,122.17,12,87.9,Fast_Food,14.27
2025-09-29,Monday,0,0,0,25.37,0.0,324,369,353,16.85,184.96,9,50.1,Chinese,11.5
2025-09-30,Tuesday,0,0,0,26.77,0.75,375,428,319,13.81,203.24,9,59.6,Chinese,15.51
2025-10-01,Wednesday,0,0,0,26.73,12.78,329,339,305,17.97,231.9,6,60.4,Chinese,13.71
2025-10-02,Thursday,0,0,0,30.52,6.92,386,471,385,13.83,203.82,8,70.5,Chinese,15.63
2025-10-03,Friday,0,1,0,33.99,6.3,289,359,312,6.81,229.74,7,50.1,Fast_Food,11.0
2025-10-04,Saturday,1,0,0,28.66,17.66,327,367,283,12.26,158.8,8,47.1,Bakery,13.57
2025-10-05,Sunday,1,0,0,35.89,3.81,407,503,333,14.72,193.8,7,77.0,Fast_Food,18.64
2025-10-06,Monday,0,0,0,31.04,19.24,390,417,356,17.28,101.98,8,74.9,Indian,14.71
2025-10-07,Tuesday,0,0,1,25.94,20.71,394,491,395,17.04,176.01,10,79.9,Chinese,18.31
2025-10-08,Wednesday,0,0,0,30.73,0.0,312,365,297,16.24,193.54,8,62.2,Indian,14.35
2025-10-09,Thursday,0,0,1,34.68,0.0,387,488,414,14.56,196.7,9,89.8,Fast_Food,16.04
2025-10-10,Friday,0,1,1,35.99,0.0,384,481,384,13.95,124.91,10,66.7,Continental,18.17
2025-10-11,Saturday,1,0,1,32.34,11.46,452,589,468,13.43,166.34,10,65.7,Bakery,18.37
2025-10-12,Sunday,1,0,0,27.12,0.84,502,526,503,13.61,171.22,12,74.9,Chinese,13.2
2025-10-13,Monday,0,0,0,26.02,0.32,312,332,265,9.42,164.98,7,55.5,Indian,10.29
2025-10-14,Tuesday,0,0,0,29.59,7.87,365,413,328,9.37,205.38,9,59.8,Continental,13.25
2025-10-15,Wednesday,0,0,0,34.53,0.0,357,452,339,11.88,172.41,7,55.5,Chinese,15.58
2025-10-16,Thursday,0,0,0,28.95,2.96,306,407,311,8.77,183.48,8,58.1,Indian,14.13
2025-10-17,Friday,0,0,0,29.05,5.76,315,337,305,7.68,162.86,6,47.9,Chinese,10.16
2025-10-18,Saturday,1,0,0,27.23,0.0,446,522,409,10.11,217.27,11,83.1,Indian,16.0
2025-10-19,Sunday,1,1,0,25.52,0.0,390,449,337,12.62,219.87,8,79.0,Indian,16.57
2025-10-20,Monday,0,0,0,26.27,2.12,342,426,334,13.33,169.21,8,61.7,Continental,15.22
2025-10-21,Tuesday,0,0,0,27.61,2.84,273,265,265,8.87,279.77,5,59.9,Fast_Food,7.82
2025-10-22,Wednesday,0,0,0,34.73,7.11,353,319,319,14.41,153.17,7,50.6,Bakery,9.67
2025-10-23,Thursday,0,1,0,25.92,0.0,315,394,282,10.32,215.25,7,50.4,Indian,15.28
2025-10-24,Friday,0,0,0,27.24,0.0,328,327,294,11.19,146.71,8,50.3,Chinese,12.73
2025-10-25,Saturday,1,0,0,23.11,20.52,423,496,408,9.66,207.06,10,74.9,Fast_Food,13.57
2025-10-26,Sunday,1,0,0,30.22,9.35,396,465,380,15.26,204.33,8,67.0,Bakery,15.02
2025-10-27,Monday,0,0,0,33.15,1.26,309,398,281,15.81,144.59,5,54.0,Fast_Food,14.62
2025-10-28,Tuesday,0,0,0,34.31,11.15,322,325,325,14.48,175.43,6,64.8,Continental,13.24
2025-10-29,Wednesday,0,0,0,27.92,0.0,314,350,290,12.32,245.37,6,50.5,Bakery,11.18
2025-10-30,Thursday,0,0,0,29.58,0.73,406,446,422,13.66,151.5,11,73.4,Fast_Food,11.36
2025-10-31,Friday,0,0,0,26.31,6.61,362,354,310,10.69,194.07,9,65.2,Indian,11.64
2025-11-01,Saturday,1,0,0,29.38,2.78,376,412,387,13.18,191.74,7,61.3,Indian,10.43
2025-11-02,Sunday,1,0,0,28.41,0.0,481,582,434,12.02,178.52,12,90.4,Bakery,16.75
2025-11-03,Monday,0,0,0,27.26,5.24,315,325,299,15.33,119.41,8,58.3,Bakery,11.9
2025-11-04,Tuesday,0,0,0,27.62,1.01,331,405,340,15.28,209.0,6,54.7,Chinese,13.74
2025-11-05,Wednesday,0,0,0,29.03,1.77,361,440,344,13.35,180.41,7,73.3,Fast_Food,13.63
2025-11-06,Thursday,0,0,1,25.68,3.39,306,381,292,9.64,218.63,5,51.4,Chinese,16.05
2025-11-07,Friday,0,0,0,25.91,3.61,322,373,311,11.86,188.11,7,54.8,Fast_Food,9.68
2025-11-08,Saturday,1,0,1,34.68,0.0,435,533,446,9.89,182.26,10,74.2,Chinese,14.93
2025-11-09,Sunday,1,0,0,39.0,1.07,417,498,410,12.67,193.04,9,89.8,Chinese,14.01
2025-11-10,Monday,0,0,0,21.58,17.37,343,366,327,13.19,145.44,6,64.2,Chinese,12.14
2025-11-11,Tuesday,0,0,0,21.33,6.69,327,368,323,12.11,234.53,6,60.4,Chinese,11.21
2025-11-12,Wednesday,0,0,0,22.69,4.8,326,334,315,10.14,166.86,8,49.8,Bakery,9.96
2025-11-13,Thursday,0,0,1,26.54,0.0,412,561,343,14.4,167.31,10,74.5,Bakery,23.06
2025-11-14,Friday,0,0,0,31.03,0.0,341,383,315,15.1,225.23,6,59.4,Indian,14.94
2025-11-15,Saturday,1,0,0,29.66,9.87,411,479,429,19.79,188.66,8,61.1,Indian,15.48
2025-11-16,Sunday,1,0,0,27.77,0.0,415,451,449,16.58,171.72,10,65.4,Indian,11.66
2025-11-17,Monday,0,0,0,29.38,0.01,394,442,345,15.26,194.48,8,66.2,Indian,15.34
2025-11-18,Tuesday,0,0,0,23.89,11.55,336,339,339,15.12,201.91,7,48.8,Continental,12.06
2025-11-19,Wednesday,0,0,0,25.9,0.01,312,314,305,14.55,175.86,6,51.2,Continental,12.47
2025-11-20,Thursday,0,0,0,26.91,6.23,263,277,244,16.06,212.28,7,45.4,Indian,11.92
2025-11-21,Friday,0,0,0,19.87,1.45,280,319,264,17.05,135.53,5,47.6,Bakery,11.87
2025-11-22,Saturday,1,0,0,21.77,1.25,394,476,415,11.45,189.16,8,65.1,Fast_Food,12.84
2025-11-23,Sunday,1,0,1,21.95,2.23,451,595,413,14.77,208.01,11,77.8,Indian,22.22
2025-11-24,Monday,0,0,0,30.44,0.89,311,310,270,16.92,201.76,8,50.0,Fast_Food,11.15
2025-11-25,Tuesday,0,0,0,28.1,0.0,342,379,379,15.17,101.56,7,47.7,Chinese,11.06
2025-11-26,Wednesday,0,1,0,29.75,0.94,285,341,294,17.6,175.57,6,51.5,Continental,13.58
2025-11-27,Thursday,0,0,0,18.72,0.0,298,306,294,19.34,137.51,6,56.5,Chinese,12.06
2025-11-28,Friday,0,0,1,20.32,0.0,396,501,385,17.84,225.0,8,66.6,Indian,17.51
2025-11-29,Saturday,1,0,0,29.98,6.94,458,535,440,15.22,166.33,10,82.6,Chinese,14.4
2025-11-30,Sunday,1,0,1,16.0,16.44,416,540,426,12.37,221.11,9,70.0,Bakery,17.73
2025-12-01,Monday,0,1,0,32.51,13.79,314,336,315,15.59,137.4,7,62.5,Fast_Food,11.86
2025-12-02,Tuesday,0,0,0,18.8,0.0,263,301,282,17.26,193.67,7,36.9,Continental,9.12
2025-12-03,Wednesday,0,0,0,30.8,0.0,278,348,287,10.53,180.28,5,53.5,Fast_Food,10.47
2025-12-04,Thursday,0,0,0,23.0,2.79,309,296,296,14.86,276.74,5,57.5,Fast_Food,10.76
2025-12-05,Friday,0,0,0,31.72,1.87,370,371,371,13.13,221.23,8,61.2,Bakery,10.92
2025-12-06,Saturday,1,0,0,39.0,5.59,383,421,346,8.93,218.99,9,80.2,Indian,13.66
2025-12-07,Sunday,1,0,0,16.77,0.0,381,475,378,12.95,250.97,8,80.4,Indian,13.71
2025-12-08,Monday,0,0,0,30.13,2.04,331,452,329,15.99,189.93,7,42.6,Fast_Food,16.8
2025-12-09,Tuesday,0,1,0,18.86,1.75,306,399,322,14.9,176.52,6,54.7,Bakery,13.56
2025-12-10,Wednesday,0,0,0,28.92,0.1,303,311,311,12.3,172.53,6,47.3,Continental,9.82
2025-12-11,Thursday,0,0,0,26.07,0.0,400,434,406,16.3,191.47,8,82.2,Bakery,12.82
2025-12-12,Friday,0,0,0,27.58,6.8,321,362,347,13.2,90.0,7,50.3,Fast_Food,10.36
2025-12-13,Saturday,1,0,0,22.9,2.83,414,485,420,15.67,180.08,10,59.3,Indian,15.8
2025-12-14,Sunday,1,0,0,30.51,7.45,396,438,417,11.5,187.94,9,73.3,Bakery,12.1
2025-12-15,Monday,0,0,0,20.48,9.86,345,370,354,13.34,174.55,7,66.3,Fast_Food,10.95
2025-12-16,Tuesday,0,0,0,32.59,1.31,373,440,370,14.05,126.42,9,57.9,Continental,14.05
2025-12-17,Wednesday,0,0,0,25.16,6.86,388,455,426,16.08,174.76,9,70.0,Fast_Food,12.53
2025-12-18,Thursday,0,1,0,20.69,16.82,278,334,260,17.87,126.32,5,63.0,Chinese,14.26
2025-12-19,Friday,0,0,0,34.18,22.39,369,456,366,14.14,242.08,5,56.9,Continental,15.96
2025-12-20,Saturday,1,1,1,26.7,3.59,449,539,456,15.59,170.99,9,79.1,Chinese,17.54
2025-12-21,Sunday,1,0,0,35.58,4.12,444,500,444,12.0,107.81,10,82.4,Continental,13.64
2025-12-22,Monday,0,0,0,32.5,3.47,327,415,295,10.04,172.77,8,54.4,Continental,14.27
2025-12-23,Tuesday,0,0,0,23.41,5.31,323,395,352,11.69,211.34,6,48.2,Indian,11.33
2025-12-24,Wednesday,0,0,0,26.62,9.37,363,379,311,13.68,186.16,9,59.3,Indian,13.4
2025-12-25,Thursday,0,0,0,27.54,3.34,363,425,331,17.66,148.02,9,56.1,Indian,17.26
2025-12-26,Friday,0,0,0,33.87,21.2,385,473,379,20.16,156.26,10,68.3,Continental,18.17
2025-12-27,Saturday,1,0,0,28.97,18.43,417,503,430,16.42,169.96,10,65.6,Chinese,15.13
2025-12-28,Sunday,1,0,0,27.79,2.22,406,466,367,15.94,164.61,10,75.3,Continental,15.7
2025-12-29,Monday,0,0,0,26.1,2.18,244,295,246,17.43,135.92,6,49.0,Continental,12.78
2025-12-30,Tuesday,0,0,0,26.77,0.0,274,283,272,17.12,177.63,7,62.0,Indian,12.34
2025-12-31,Wednesday,0,0,1,32.87,5.74,361,441,319,14.46,133.32,8,57.4,Fast_Food,18.36
2026-01-01,Thursday,0,0,0,27.02,0.44,291,314,282,15.14,213.22,7,52.1,Fast_Food,8.99
2026-01-02,Friday,0,0,1,25.22,0.0,403,471,398,13.95,217.49,8,64.2,Fast_Food,16.3
2026-01-03,Saturday,1,0,1,24.46,5.56,409,519,390,13.7,144.89,9,76.5,Indian,19.71
2026-01-04,Sunday,1,0,0,24.51,0.0,392,502,324,13.96,154.92,9,69.4,Continental,21.23
2026-01-05,Monday,0,0,0,20.69,9.56,314,326,259,15.16,165.19,8,48.9,Continental,13.4
2026-01-06,Tuesday,0,0,0,23.62,5.9,372,384,360,13.73,178.9,8,67.8,Fast_Food,11.36
2026-01-07,Wednesday,0,0,0,33.74,17.5,309,331,284,10.97,188.99,8,47.1,Indian,12.52
2026-01-08,Thursday,0,0,0,26.07,3.71,346,472,354,14.4,196.21,7,53.9,Fast_Food,14.44
2026-01-09,Friday,0,0,1,30.17,7.25,382,528,405,16.03,195.39,9,68.6,Bakery,17.7
2026-01-10,Saturday,1,0,0,16.0,8.53,442,463,451,19.82,234.39,9,82.3,Fast_Food,13.11
2026-01-11,Sunday,1,0,0,29.56,12.65,440,577,433,16.88,182.11,11,69.0,Bakery,17.18
2026-01-12,Monday,0,0,0,26.27,2.97,329,385,269,15.4,134.41,7,53.9,Indian,14.25
2026-01-13,Tuesday,0,1,0,24.83,0.0,246,227,227,13.95,123.68,5,41.5,Continental,10.78
2026-01-14,Wednesday,0,0,0,27.81,3.87,322,364,318,13.38,237.25,7,60.0,Indian,12.53
2026-01-15,Thursday,0,0,0,24.77,9.55,329,368,298,14.79,197.84,9,67.9,Continental,15.14
2026-01-16,Friday,0,0,0,17.44,11.08,340,383,291,13.96,187.23,7,41.7,Fast_Food,14.58
2026-01-17,Saturday,1,0,0,31.15,0.0,384,417,355,11.15,195.72,7,69.0,Fast_Food,12.53
2026-01-18,Sunday,1,1,1,28.09,0.0,470,559,384,11.14,185.61,11,84.4,Bakery,22.76
2026-01-19,Monday,0,1,0,25.59,7.41,305,317,278,14.15,195.16,5,41.6,Bakery,11.91
2026-01-20,Tuesday,0,0,0,22.65,14.22,298,322,253,15.46,166.96,8,52.5,Indian,13.13
2026-01-21,Wednesday,0,0,0,20.39,1.71,314,372,302,11.52,216.93,9,54.6,Bakery,12.39
2026-01-22,Thursday,0,0,0,28.01,11.57,397,433,376,13.61,161.63,10,78.4,Bakery,14.09
2026-01-23,Friday,0,0,0,34.26,0.0,353,387,344,14.29,148.38,8,58.8,Fast_Food,11.84
2026-01-24,Saturday,1,0,1,27.91,12.05,492,608,422,12.95,120.82,13,81.7,Indian,20.89
2026-01-25,Sunday,1,0,0,20.78,10.47,374,416,348,13.77,171.68,10,78.9,Indian,13.63
2026-01-26,Monday,0,0,0,28.01,4.76,306,327,291,12.39,224.36,6,47.6,Chinese,11.01
2026-01-27,Tuesday,0,0,0,26.76,9.58,306,361,303,13.32,163.99,8,54.7,Indian,12.66
2026-01-28,Wednesday,0,0,0,30.89,18.92,336,386,309,16.17,131.75,7,61.8,Indian,14.23
2026-01-29,Thursday,0,0,0,29.73,14.68,324,396,319,17.83,189.97,7,57.8,Indian,15.17
2026-01-30,Friday,0,0,0,16.0,2.02,313,354,302,13.48,157.21,5,64.8,Continental,10.78
2026-01-31,Saturday,1,0,1,29.45,3.8,442,561,451,13.28,234.19,10,77.0,Continental,18.87
2026-02-01,Sunday,1,0,0,22.48,1.13,382,376,376,9.47,217.61,8,78.1,Indian,11.62
2026-02-02,Monday,0,0,0,20.6,0.54,324,403,310,11.5,135.52,7,65.4,Bakery,12.96
2026-02-03,Tuesday,0,1,0,26.15,8.46,344,348,348,14.61,173.91,7,46.6,Indian,11.33
2026-02-04,Wednesday,0,1,0,28.85,1.08,252,265,221,17.03,153.57,5,45.6,Chinese,11.93
2026-02-05,Thursday,0,0,1,19.62,8.44,387,458,392,11.26,139.38,9,62.1,Continental,15.31
2026-02-06,Friday,0,0,0,30.17,1.7,378,419,345,10.47,178.04,10,55.3,Continental,12.67
2026-02-07,Saturday,1,0,0,30.44,2.5,404,397,387,12.91,208.64,8,79.0,Chinese,13.1
2026-02-08,Sunday,1,1,0,27.21,0.0,366,358,358,9.37,177.14,9,62.1,Fast_Food,10.2
2026-02-09,Monday,0,0,0,23.1,8.17,362,398,346,11.6,161.93,8,73.8,Chinese,11.69
2026-02-10,Tuesday,0,0,0,22.59,0.0,296,338,257,14.21,102.78,7,53.8,Indian,12.47
2026-02-11,Wednesday,0,0,0,31.62,12.55,329,374,304,11.55,156.7,7,54.4,Chinese,13.1
2026-02-12,Thursday,0,0,0,20.2,29.2,294,346,288,13.33,199.31,6,52.0,Indian,10.89
2026-02-13,Friday,0,0,0,31.79,2.7,265,325,279,11.03,133.03,6,53.0,Bakery,11.9
2026-02-14,Saturday,1,0,0,26.26,2.44,405,447,380,15.54,224.89,10,60.5,Continental,14.07
2026-02-15,Sunday,1,0,0,26.57,0.0,366,425,354,15.25,159.57,7,58.9,Indian,14.25
2026-02-16,Monday,0,0,0,19.31,0.0,330,402,358,13.31,186.78,6,53.7,Fast_Food,11.77
2026-02-17,Tuesday,0,0,0,26.34,9.71,369,480,343,10.79,166.03,8,59.8,Fast_Food,16.86
2026-02-18,Wednesday,0,0,0,29.76,11.37,395,426,358,14.36,138.83,10,62.7,Chinese,14.66
2026-02-19,Thursday,0,0,0,20.99,3.49,333,326,326,17.26,195.41,8,60.0,Bakery,11.37
2026-02-20,Friday,0,0,0,29.24,9.04,366,475,349,13.07,159.07,9,65.5,Continental,17.63
2026-02-21,Saturday,1,0,0,27.4,0.0,424,518,383,13.43,150.84,10,69.6,Indian,16.79
2026-02-22,Sunday,1,0,0,24.1,5.1,397,468,406,13.01,96.83,9,76.1,Fast_Food,15.23
2026-02-23,Monday,0,0,0,30.85,16.14,263,323,245,17.02,225.59,6,48.2,Bakery,14.15
2026-02-24,Tuesday,0,0,0,17.09,6.7,387,496,378,11.4,180.22,7,62.3,Indian,15.71
2026-02-25,Wednesday,0,0,0,28.56,18.64,293,352,306,16.37,218.73,6,37.0,Indian,11.91
2026-02-26,Thursday,0,0,0,34.29,19.2,378,419,367,14.09,201.71,8,68.2,Continental,13.84
2026-02-27,Friday,0,0,0,33.48,5.62,349,401,343,13.81,218.73,7,64.3,Fast_Food,13.03
2026-02-28,Saturday,1,0,0,28.75,1.19,376,408,338,13.16,160.25,8,59.5,Indian,13.74
2026-03-01,Sunday,1,0,0,25.64,9.26,421,458,400,14.29,131.96,8,76.3,Bakery,15.8
2026-03-02,Monday,0,0,0,24.14,0.73,405,420,420,12.52,206.69,8,64.1,Indian,10.25
2026-03-03,Tuesday,0,0,0,25.64,4.86,384,431,373,14.96,184.56,9,54.4,Fast_Food,13.77
2026-03-04,Wednesday,0,0,0,29.45,11.42,312,334,291,16.85,163.68,6,58.9,Bakery,11.47
2026-03-05,Thursday,0,0,0,23.37,0.0,305,383,342,12.93,205.99,6,43.4,Indian,13.52
2026-03-06,Friday,0,0,0,30.41,1.08,334,405,310,14.78,190.78,8,56.5,Continental,13.68
2026-03-07,Saturday,1,0,1,36.6,0.0,449,525,444,14.01,202.36,9,78.9,Indian,19.14
2026-03-08,Sunday,1,0,1,26.72,0.0,497,602,505,14.39,144.22,12,99.4,Continental,18.41
2026-03-09,Monday,0,0,0,20.95,1.55,356,441,382,17.99,214.22,7,59.8,Continental,11.79
2026-03-10,Tuesday,0,0,0,20.95,3.87,271,330,293,14.32,179.84,6,53.0,Fast_Food,11.98
2026-03-11,Wednesday,0,0,0,30.49,21.45,346,339,331,15.93,217.97,7,55.1,Continental,12.11
2026-03-12,Thursday,0,0,0,26.73,3.61,324,352,307,15.27,213.89,7,62.1,Chinese,11.67
2026-03-13,Friday,0,0,0,30.95,10.05,331,390,293,13.98,204.02,7,68.9,Indian,15.45
2026-03-14,Saturday,1,0,0,24.6,5.08,419,472,369,15.27,176.11,9,66.4,Indian,16.75
2026-03-15,Sunday,1,0,0,30.74,0.0,452,555,412,15.65,204.83,11,89.5,Continental,18.99
2026-03-16,Monday,0,0,0,26.29,1.79,364,465,337,13.21,218.88,7,69.2,Bakery,17.13
2026-03-17,Tuesday,0,0,0,23.7,6.16,304,309,280,13.15,201.24,6,60.9,Fast_Food,10.79
2026-03-18,Wednesday,0,0,0,25.2,6.17,328,358,294,10.96,187.09,7,45.5,Chinese,12.96
2026-03-19,Thursday,0,0,0,21.61,2.14,314,373,276,12.09,204.91,8,54.4,Bakery,13.26
2026-03-20,Friday,0,0,0,35.95,4.67,271,364,260,16.57,161.6,6,41.2,Indian,15.54
2026-03-21,Saturday,1,0,0,26.57,8.94,406,459,399,16.98,232.99,10,62.2,Bakery,13.85
2026-03-22,Sunday,1,0,0,29.9,0.0,475,579,475,12.21,121.14,10,69.7,Indian,15.04
2026-03-23,Monday,0,0,0,24.58,8.97,270,306,283,13.14,181.2,7,54.5,Indian,10.25
2026-03-24,Tuesday,0,0,0,22.27,0.0,329,364,335,13.7,165.79,8,59.3,Fast_Food,10.44
2026-03-25,Wednesday,0,0,0,25.95,0.0,328,362,286,15.15,157.57,8,55.2,Chinese,14.33
2026-03-26,Thursday,0,0,0,31.96,2.89,340,398,364,13.3,190.68,6,59.9,Bakery,10.18
2026-03-27,Friday,0,0,0,24.66,5.07,296,363,297,10.67,140.61,5,53.9,Fast_Food,12.71
2026-03-28,Saturday,1,0,0,23.08,2.13,360,332,330,12.47,255.32,9,70.0,Indian,9.61
2026-03-29,Sunday,1,0,0,27.7,0.0,362,394,382,13.89,132.68,9,63.1,Indian,8.47
2026-03-30,Monday,0,0,0,29.25,0.0,377,434,369,13.91,146.71,11,71.4,Chinese,12.12
2026-03-31,Tuesday,0,0,0,34.39,2.71,296,302,245,12.09,143.4,5,56.3,Continental,12.05
2026-04-01,Wednesday,0,0,0,28.59,1.53,313,353,269,16.99,186.95,7,57.2,Chinese,14.46
2026-04-02,Thursday,0,1,1,29.9,0.32,424,501,345,15.43,215.51,8,60.0,Indian,20.85
2026-04-03,Friday,0,0,0,30.24,8.49,304,301,257,16.24,198.41,6,61.5,Indian,11.23
2026-04-04,Saturday,1,0,0,21.81,1.2,422,497,409,13.38,231.53,9,73.2,Continental,14.5
2026-04-05,Sunday,1,0,0,22.67,0.0,447,585,437,16.51,151.05,10,81.7,Indian,17.3
2026-04-06,Monday,0,0,0,22.12,0.35,366,360,303,17.46,203.06,7,74.8,Chinese,13.67
2026-04-07,Tuesday,0,0,0,21.01,5.99,283,348,278,16.24,169.38,6,43.4,Indian,13.09
2026-04-08,Wednesday,0,1,0,30.58,0.91,280,318,218,12.61,187.98,7,47.8,Bakery,14.98
2026-04-09,Thursday,0,0,0,28.31,5.83,341,423,338,16.28,218.8,9,55.8,Continental,13.14
2026-04-10,Friday,0,0,0,27.36,7.59,398,398,398,17.01,120.77,10,68.6,Indian,11.11
2026-04-11,Saturday,1,0,0,16.0,1.22,383,521,384,16.89,249.69,9,63.9,Fast_Food,18.87
2026-04-12,Sunday,1,0,0,36.25,2.11,393,462,401,16.33,174.92,9,62.9,Continental,15.12
2026-04-13,Monday,0,0,0,22.98,0.63,345,308,308,14.91,123.77,7,75.2,Continental,10.35
2026-04-14,Tuesday,0,0,0,36.23,6.03,352,362,336,13.31,155.75,8,59.6,Indian,10.72
2026-04-15,Wednesday,0,0,1,20.48,0.5,399,469,371,18.32,183.58,8,68.4,Chinese,18.72
2026-04-16,Thursday,0,0,0,23.34,5.19,300,317,276,15.22,155.74,7,46.8,Bakery,13.3
2026-04-17,Friday,0,0,0,17.09,3.49,311,334,316,11.73,108.32,6,53.3,Indian,9.13
2026-04-18,Saturday,1,0,0,28.63,0.0,418,430,430,11.67,183.39,9,67.4,Continental,9.93
2026-04-19,Sunday,1,0,0,22.04,5.64,454,532,409,11.08,154.74,9,76.8,Indian,16.95
2026-04-20,Monday,0,0,0,22.17,2.88,322,353,312,16.23,202.79,7,63.7,Chinese,12.4
2026-04-21,Tuesday,0,0,0,20.82,13.09,329,383,335,11.81,142.61,7,52.0,Continental,12.98
2026-04-22,Wednesday,0,0,0,30.5,0.0,294,348,303,11.66,259.15,6,47.4,Indian,13.09
2026-04-23,Thursday,0,0,0,30.2,3.6,395,412,412,13.21,197.98,9,81.7,Indian,9.87
2026-04-24,Friday,0,0,0,35.15,0.0,335,353,300,15.73,186.89,5,58.1,Continental,13.26
2026-04-25,Saturday,1,0,0,23.91,0.0,448,495,449,16.28,201.81,8,85.5,Chinese,14.4
2026-04-26,Sunday,1,0,0,27.98,0.0,411,435,364,18.44,116.25,10,73.8,Bakery,15.61
2026-04-27,Monday,0,0,1,21.2,15.99,378,510,356,16.91,162.61,9,73.1,Fast_Food,19.22
2026-04-28,Tuesday,0,0,0,25.49,3.62,277,297,211,16.01,242.41,5,49.0,Bakery,13.0
2026-04-29,Wednesday,0,0,0,24.67,1.06,255,274,241,17.12,168.8,7,41.7,Bakery,10.6
2026-04-30,Thursday,0,0,0,29.09,0.0,374,463,383,12.09,177.8,8,74.5,Indian,15.54
2026-05-01,Friday,0,0,0,31.58,15.04,333,344,328,9.64,163.67,7,57.7,Bakery,9.52
2026-05-02,Saturday,1,0,0,31.46,0.0,417,491,401,13.68,231.26,8,76.1,Bakery,14.71
2026-05-03,Sunday,1,0,1,23.21,3.95,411,464,463,14.7,171.44,11,66.1,Chinese,13.64
2026-05-04,Monday,0,0,0,31.49,2.64,298,392,297,15.75,136.19,7,64.8,Continental,13.61
2026-05-05,Tuesday,0,0,0,26.8,22.65,367,417,318,13.35,270.26,8,65.5,Chinese,15.65
2026-05-06,Wednesday,0,0,0,25.54,1.97,391,523,330,17.02,131.87,9,66.5,Indian,18.12
2026-05-07,Thursday,0,0,0,23.81,0.0,308,389,276,18.45,176.59,5,49.8,Indian,15.79
2026-05-08,Friday,0,0,0,24.48,3.73,354,439,330,16.59,150.54,7,72.9,Indian,15.82
2026-05-09,Saturday,1,0,0,34.84,4.49,417,469,417,16.23,155.44,10,71.5,Continental,14.56
2026-05-10,Sunday,1,0,0,28.38,38.03,406,470,365,15.69,142.91,9,61.7,Continental,16.74
2026-05-11,Monday,0,0,1,27.79,1.88,440,569,442,13.44,161.1,12,80.7,Indian,19.06
2026-05-12,Tuesday,0,0,0,25.82,0.0,314,359,275,13.72,214.44,6,58.8,Indian,13.49
2026-05-13,Wednesday,0,1,0,38.01,0.32,348,396,327,14.91,113.43,9,55.7,Indian,15.71
2026-05-14,Thursday,0,0,0,32.87,3.71,343,424,318,13.6,224.13,8,61.3,Bakery,15.64
2026-05-15,Friday,0,0,1,23.76,5.01,374,422,344,11.16,218.09,8,70.6,Fast_Food,13.53
2026-05-16,Saturday,1,0,1,25.77,0.0,503,651,471,13.61,197.82,12,80.9,Indian,21.07
2026-05-17,Sunday,1,0,0,26.04,21.43,420,432,385,17.12,184.42,9,76.9,Fast_Food,13.39
2026-05-18,Monday,0,0,0,27.66,0.0,327,401,331,17.62,189.68,5,49.9,Fast_Food,13.47
2026-05-19,Tuesday,0,0,0,23.84,8.74,378,411,336,16.94,229.82,9,64.1,Fast_Food,14.1
2026-05-20,Wednesday,0,0,1,28.97,0.46,419,499,390,17.32,118.9,10,73.2,Bakery,18.17
2026-05-21,Thursday,0,0,0,33.53,2.2,372,409,370,18.28,205.46,9,64.1,Chinese,15.86
2026-05-22,Friday,0,0,0,21.09,0.88,194,204,184,15.87,153.88,5,26.4,Indian,9.1
2026-05-23,Saturday,1,0,0,21.92,3.63,425,435,435,9.72,208.9,10,89.1,Bakery,11.77
2026-05-24,Sunday,1,0,0,24.83,1.95,417,486,424,13.92,158.52,8,68.1,Fast_Food,13.22
2026-05-25,Monday,0,0,0,25.03,1.17,329,372,355,12.04,204.74,9,53.9,Indian,8.24
2026-05-26,Tuesday,0,0,0,35.99,6.07,351,411,320,10.14,125.8,7,55.1,Continental,14.53
2026-05-27,Wednesday,0,0,0,31.51,0.0,339,413,390,10.23,120.76,7,65.4,Continental,11.98
2026-05-28,Thursday,0,0,0,31.25,3.95,354,381,344,17.34,176.04,9,61.3,Continental,13.72
2026-05-29,Friday,0,0,0,25.81,11.85,321,310,299,16.22,230.24,7,51.5,Continental,11.75
2026-05-30,Saturday,1,0,0,25.71,1.33,462,528,476,12.14,198.77,11,83.1,Indian,13.65
2026-05-31,Sunday,1,0,0,20.47,8.03,437,509,411,11.58,198.52,9,74.0,Chinese,14.83
2026-06-01,Monday,0,0,0,30.52,6.63,349,398,271,13.39,210.11,8,48.9,Indian,17.04
2026-06-02,Tuesday,0,0,0,29.21,0.0,347,424,321,15.74,166.11,8,78.2,Indian,14.77
2026-06-03,Wednesday,0,1,0,32.79,2.24,346,417,356,15.93,201.38,7,62.3,Continental,13.84
2026-06-04,Thursday,0,0,0,26.05,6.77,366,409,371,12.86,159.71,10,70.5,Chinese,12.38
2026-06-05,Friday,0,0,0,26.36,1.73,326,376,298,13.94,169.01,6,60.3,Chinese,13.02
2026-06-06,Saturday,1,0,0,27.77,5.7,445,532,445,12.86,173.36,8,75.3,Indian,16.6
2026-06-07,Sunday,1,0,0,31.01,0.52,416,441,385,16.14,160.91,8,77.8,Continental,14.81
2026-06-08,Monday,0,0,0,20.38,12.89,397,494,377,15.06,177.69,9,70.6,Indian,15.91
2026-06-09,Tuesday,0,0,0,30.31,1.32,368,459,347,13.51,171.09,8,66.4,Indian,14.38
2026-06-10,Wednesday,0,0,0,26.91,1.42,308,322,308,15.94,155.23,8,42.2,Fast_Food,9.71
2026-06-11,Thursday,0,0,0,22.24,1.51,412,491,354,15.18,175.08,10,79.1,Continental,20.03
2026-06-12,Friday,0,0,1,17.62,2.09,301,434,292,14.43,185.43,6,60.0,Continental,18.04
2026-06-13,Saturday,1,1,0,26.39,0.0,407,498,423,16.8,141.5,7,74.5,Continental,16.57
2026-06-14,Sunday,1,0,1,33.51,0.0,431,492,397,16.85,194.61,8,69.8,Chinese,16.43
2026-06-15,Monday,0,0,0,34.54,9.56,396,478,349,18.36,162.72,9,64.2,Indian,16.79
2026-06-16,Tuesday,0,0,0,28.6,8.02,339,344,289,18.37,186.94,6,69.2,Chinese,13.31
2026-06-17,Wednesday,0,1,0,35.83,7.38,277,341,260,15.46,156.71,6,34.0,Fast_Food,15.61
2026-06-18,Thursday,0,0,0,26.81,4.95,321,401,329,11.21,216.77,9,61.5,Continental,11.82
2026-06-19,Friday,0,0,0,31.29,0.0,305,362,290,13.32,213.46,7,43.8,Fast_Food,11.78
2026-06-20,Saturday,1,0,0,24.97,0.0,399,362,362,14.61,143.27,9,59.7,Bakery,11.72
2026-06-21,Sunday,1,1,0,24.68,1.86,373,466,369,13.69,198.37,7,62.5,Indian,17.16
2026-06-22,Monday,0,0,0,23.95,11.35,304,326,285,7.7,230.62,7,60.5,Bakery,11.11
2026-06-23,Tuesday,0,0,0,17.73,3.25,339,404,317,12.45,146.81,7,51.1,Fast_Food,14.01
2026-06-24,Wednesday,0,1,1,32.79,0.0,364,452,313,11.64,149.59,8,70.9,Continental,18.26
2026-06-25,Thursday,0,0,1,24.11,0.0,340,388,354,15.41,205.73,8,53.1,Continental,12.66
2026-06-26,Friday,0,0,0,23.39,8.34,272,340,275,18.09,134.25,7,44.7,Chinese,11.89
2026-06-27,Saturday,1,0,0,21.69,15.46,421,474,385,15.36,152.79,9,77.0,Indian,14.99
2026-06-28,Sunday,1,0,0,26.08,0.0,429,474,413,15.95,144.49,10,62.4,Indian,14.51
2026-06-29,Monday,0,0,0,34.94,8.69,356,413,355,14.98,206.16,7,63.6,Chinese,12.14
2026-06-30,Tuesday,0,0,0,36.42,4.77,349,466,337,15.59,155.76,9,49.4,Indian,16.92
2026-07-01,Wednesday,0,0,0,19.53,0.0,385,494,419,15.79,170.04,8,70.4,Indian,14.02
2026-07-02,Thursday,0,0,0,25.4,3.33,365,412,327,13.87,153.81,8,60.5,Indian,13.76
2026-07-03,Friday,0,0,1,22.35,0.0,469,558,428,12.27,220.2,12,67.8,Bakery,19.77
2026-07-04,Saturday,1,0,0,31.45,0.95,519,631,528,17.58,149.92,11,86.6,Indian,16.72
2026-07-05,Sunday,1,0,0,28.29,2.15,348,385,331,17.11,130.73,6,63.7,Bakery,14.66
2026-07-06,Monday,0,0,1,24.14,12.76,298,446,237,17.18,129.36,6,47.1,Continental,22.95
2026-07-07,Tuesday,0,0,0,27.33,0.73,330,422,361,18.11,204.28,9,54.3,Indian,12.54
2026-07-08,Wednesday,0,1,0,24.85,0.0,323,407,344,18.03,206.81,5,49.4,Indian,15.36
2026-07-09,Thursday,0,1,1,34.26,4.2,347,442,375,13.9,223.7,8,58.5,Indian,14.89
2026-07-10,Friday,0,0,1,29.46,5.92,400,470,377,14.24,135.87,8,64.4,Chinese,18.23
2026-07-11,Saturday,1,0,0,30.01,0.0,401,462,378,15.64,171.91,9,72.8,Indian,15.33
2026-07-12,Sunday,1,0,0,16.0,0.0,386,413,403,17.89,264.96,8,77.1,Fast_Food,9.72
2026-07-13,Monday,0,0,0,26.7,0.0,311,362,336,21.05,169.42,8,56.0,Chinese,10.73
2026-07-14,Tuesday,0,0,0,36.37,12.8,323,376,277,17.68,160.28,7,57.9,Continental,15.56
2026-07-15,Wednesday,0,0,0,32.97,5.56,360,444,331,14.69,179.26,9,68.1,Continental,17.05
2026-07-16,Thursday,0,0,0,18.69,0.45,313,438,273,12.34,198.55,8,59.9,Continental,17.05
2026-07-17,Friday,0,0,0,25.59,10.58,320,351,288,12.54,197.96,7,56.1,Bakery,12.52
2026-07-18,Saturday,1,0,0,21.59,0.0,430,454,414,11.7,158.49,9,73.3,Chinese,12.41
2026-07-19,Sunday,1,0,0,34.7,1.65,403,520,334,6.36,159.52,9,62.9,Chinese,15.89
2026-07-20,Monday,0,0,0,28.1,0.0,369,362,362,10.61,169.62,9,61.5,Bakery,10.62
2026-07-21,Tuesday,0,0,0,23.54,10.06,298,345,276,13.35,154.45,5,54.0,Bakery,14.18
2026-07-22,Wednesday,0,0,0,27.15,0.0,290,343,323,14.0,136.78,7,51.6,Fast_Food,10.73
2026-07-23,Thursday,0,0,0,16.0,0.0,341,373,341,12.97,243.28,7,52.3,Fast_Food,10.44
2026-07-24,Friday,0,0,0,22.12,4.37,344,384,354,9.65,165.76,7,70.3,Chinese,9.78
2026-07-25,Saturday,1,0,0,27.16,0.0,380,408,380,14.01,167.74,8,58.5,Continental,11.1
2026-07-26,Sunday,1,0,0,30.81,0.0,457,451,451,14.77,168.83,10,73.7,Chinese,10.41
2026-07-27,Monday,0,0,0,18.26,7.08,397,442,359,13.62,177.18,10,69.3,Continental,17.26
2026-07-28,Tuesday,0,0,0,25.28,0.0,308,400,322,9.28,195.22,6,54.7,Fast_Food,11.8
2026-07-29,Wednesday,0,1,0,31.54,29.62,357,411,332,11.03,163.72,9,47.4,Chinese,15.88
2026-07-30,Thursday,0,0,0,20.47,3.0,247,300,235,13.87,219.88,6,51.7,Continental,13.14
2026-07-31,Friday,0,0,0,28.03,0.0,368,409,400,13.96,200.92,7,79.2,Fast_Food,10.53
2026-08-01,Saturday,1,0,1,27.3,16.25,425,466,409,13.81,173.32,10,72.3,Indian,15.13
2026-08-02,Sunday,1,1,0,34.71,2.99,419,442,442,15.41,156.68,8,81.4,Continental,13.1
2026-08-03,Monday,0,0,0,25.96,1.07,296,302,286,14.27,217.97,7,55.5,Fast_Food,8.81
2026-08-04,Tuesday,0,1,0,26.23,2.97,303,326,267,15.04,174.33,7,59.1,Indian,13.93
2026-08-05,Wednesday,0,0,0,30.85,0.0,302,372,271,12.62,136.5,8,52.1,Indian,13.01
2026-08-06,Thursday,0,0,0,21.03,1.82,323,363,352,11.2,215.74,9,72.8,Indian,9.51
2026-08-07,Friday,0,0,0,26.01,0.0,394,436,399,13.22,154.58,7,56.6,Indian,11.85
2026-08-08,Saturday,1,0,0,24.95,1.5,406,470,393,14.9,210.4,9,69.4,Chinese,15.77
2026-08-09,Sunday,1,0,0,26.37,0.0,484,484,484,15.77,92.0,10,72.0,Fast_Food,9.24
2026-08-10,Monday,0,0,0,30.82,2.65,316,372,311,14.39,167.1,9,47.8,Chinese,14.95
2026-08-11,Tuesday,0,0,0,29.49,0.45,382,408,408,13.49,220.6,8,79.9,Continental,10.1
2026-08-12,Wednesday,0,0,0,23.63,0.0,273,293,246,13.54,180.18,5,48.9,Indian,11.2
2026-08-13,Thursday,0,0,0,27.62,0.0,320,347,303,14.49,200.93,9,64.0,Fast_Food,11.89
2026-08-14,Friday,0,0,0,33.71,0.0,311,375,306,15.01,148.43,6,59.9,Chinese,13.32
2026-08-15,Saturday,1,0,0,23.26,0.0,464,587,443,20.32,192.17,9,82.7,Fast_Food,19.55
2026-08-16,Sunday,1,0,0,27.65,0.0,416,428,393,15.85,180.13,8,80.4,Indian,13.58
2026-08-17,Monday,0,0,0,26.13,6.36,257,285,224,21.65,188.52,6,44.3,Fast_Food,15.01
2026-08-18,Tuesday,0,0,0,26.72,0.0,284,329,281,14.71,251.37,6,51.6,Continental,12.78
2026-08-19,Wednesday,0,0,0,19.66,0.0,295,347,327,15.04,225.66,6,43.3,Bakery,10.43
2026-08-20,Thursday,0,0,0,33.35,0.0,363,372,361,11.38,207.72,8,64.7,Chinese,9.8
2026-08-21,Friday,0,0,1,23.52,0.0,403,487,383,12.93,208.16,9,79.4,Bakery,16.46
2026-08-22,Saturday,1,0,0,31.62,4.89,399,413,388,16.23,148.18,10,73.2,Chinese,13.72
2026-08-23,Sunday,1,0,0,24.2,0.41,391,424,356,14.67,163.51,9,64.5,Indian,15.66
2026-08-24,Monday,0,0,0,24.19,8.07,355,366,349,16.56,126.36,7,62.0,Fast_Food,12.29
2026-08-25,Tuesday,0,0,0,32.46,0.0,290,343,264,13.72,135.56,6,49.6,Indian,9.98
2026-08-26,Wednesday,0,1,0,31.47,7.02,321,346,267,9.61,148.97,8,44.3,Fast_Food,10.95
2026-08-27,Thursday,0,1,0,27.94,14.35,318,414,313,13.65,178.98,9,46.4,Chinese,15.37
2026-08-28,Friday,0,0,0,30.43,1.75,320,396,310,14.42,137.12,6,56.8,Fast_Food,13.3
2026-08-29,Saturday,1,0,0,25.7,0.0,424,470,434,13.47,178.63,11,81.5,Continental,12.96
2026-08-30,Sunday,1,0,0,26.96,5.04,414,476,406,12.59,174.61,9,85.3,Continental,15.65
2026-08-31,Monday,0,0,0,24.02,1.84,347,390,317,14.4,140.3,6,60.5,Fast_Food,14.31
2026-09-01,Tuesday,0,0,0,31.07,3.71,283,318,279,12.56,233.4,5,56.0,Fast_Food,10.83
2026-09-02,Wednesday,0,0,0,23.88,8.37,352,410,337,13.95,133.64,9,59.7,Fast_Food,11.79
2026-09-03,Thursday,0,0,0,33.68,0.1,366,479,374,16.77,219.11,10,70.8,Continental,14.87
2026-09-04,Friday,0,0,0,25.58,0.0,341,400,342,20.34,101.1,7,63.5,Continental,14.24
2026-09-05,Saturday,1,0,0,27.09,34.82,431,512,379,19.94,175.02,9,94.5,Fast_Food,19.42
2026-09-06,Sunday,1,1,1,30.41,5.14,426,561,391,17.92,138.08,8,75.5,Chinese,20.85
2026-09-07,Monday,0,0,0,27.11,10.23,361,449,410,17.67,157.09,9,71.2,Indian,13.82
2026-09-08,Tuesday,0,0,0,25.66,7.77,332,426,344,14.54,243.36,7,63.0,Fast_Food,11.82
2026-09-09,Wednesday,0,0,0,26.86,10.38,290,323,273,13.5,167.86,5,40.1,Continental,9.69
2026-09-10,Thursday,0,0,0,31.02,3.95,359,423,333,15.59,141.34,8,52.5,Bakery,13.94
2026-09-11,Friday,0,0,0,24.02,8.97,273,337,282,14.42,197.07,5,44.0,Bakery,13.43
2026-09-12,Saturday,1,0,0,26.43,0.0,420,429,425,14.95,167.55,10,80.2,Bakery,12.86
2026-09-13,Sunday,1,0,0,27.05,0.0,397,449,357,11.66,185.27,8,80.7,Continental,13.24
2026-09-14,Monday,0,0,0,30.89,0.0,314,362,284,16.37,147.99,7,48.1,Fast_Food,11.81
2026-09-15,Tuesday,0,0,0,26.55,1.1,336,382,340,14.59,149.72,7,64.9,Chinese,12.68
2026-09-16,Wednesday,0,0,0,35.14,0.51,305,409,296,16.46,152.43,5,45.6,Indian,14.97
2026-09-17,Thursday,0,0,0,26.3,1.87,348,386,298,14.22,207.95,9,62.9,Fast_Food,15.15
2026-09-18,Friday,0,0,0,25.93,0.0,332,378,302,12.79,172.06,8,64.2,Fast_Food,13.47
2026-09-19,Saturday,1,0,0,26.23,0.0,388,441,367,16.59,143.31,8,68.0,Indian,15.41
2026-09-20,Sunday,1,0,0,21.08,0.0,457,512,445,13.98,185.66,10,81.5,Bakery,13.59
2026-09-21,Monday,0,0,0,22.33,0.0,337,391,344,10.64,182.78,8,58.4,Bakery,11.92
2026-09-22,Tuesday,0,0,0,24.61,1.65,352,431,359,10.07,200.08,8,57.2,Chinese,14.65
2026-09-23,Wednesday,0,0,0,32.11,4.28,380,424,372,14.28,163.14,10,69.2,Indian,13.39
2026-09-24,Thursday,0,0,0,26.85,0.0,379,397,397,15.72,177.28,9,69.5,Bakery,10.77
2026-09-25,Friday,0,0,0,24.82,0.0,350,446,304,12.4,194.76,7,51.0,Indian,15.89
2026-09-26,Saturday,1,0,1,32.52,2.15,444,538,456,12.89,144.67,10,87.9,Indian,15.25
2026-09-27,Sunday,1,0,0,33.98,36.47,360,421,352,15.27,211.02,8,63.1,Continental,14.31
2026-09-28,Monday,0,0,0,32.65,5.14,337,376,333,17.59,180.58,6,63.9,Fast_Food,11.57
2026-09-29,Tuesday,0,0,0,23.16,5.74,368,487,379,15.28,141.46,9,73.0,Fast_Food,13.58
2026-09-30,Wednesday,0,0,0,24.77,0.0,342,363,298,16.39,141.21,8,58.9,Fast_Food,11.44
2026-10-01,Thursday,0,0,0,35.16,0.0,209,269,223,17.08,176.52,5,44.4,Fast_Food,8.39
2026-10-02,Friday,0,0,0,28.09,10.41,360,454,363,19.97,160.74,7,74.9,Fast_Food,14.65
2026-10-03,Saturday,1,1,0,25.8,0.0,418,525,370,14.54,206.41,10,66.6,Continental,19.8
2026-10-04,Sunday,1,0,0,30.23,0.0,399,426,405,13.93,169.96,7,61.9,Indian,11.52
2026-10-05,Monday,0,0,0,31.53,17.81,365,486,349,12.41,190.61,7,72.6,Chinese,16.51
2026-10-06,Tuesday,0,1,1,24.43,1.34,372,398,380,16.05,150.3,11,77.5,Chinese,14.78
2026-10-07,Wednesday,0,0,0,27.99,0.0,306,331,287,13.88,179.2,6,47.3,Indian,13.39
2026-10-08,Thursday,0,0,0,31.17,4.5,374,461,375,14.46,226.04,9,69.4,Chinese,16.8
2026-10-09,Friday,0,0,1,21.78,0.0,331,439,298,14.81,174.82,9,60.3,Indian,18.43
2026-10-10,Saturday,1,0,0,27.06,0.0,408,512,393,15.36,160.65,8,72.5,Indian,16.27
2026-10-11,Sunday,1,0,0,21.99,3.15,405,423,364,15.58,149.77,9,85.3,Continental,13.82
2026-10-12,Monday,0,0,0,22.57,2.24,301,347,272,16.98,179.34,9,52.3,Indian,14.21
2026-10-13,Tuesday,0,0,1,24.47,1.92,386,508,365,13.41,229.33,9,61.1,Indian,18.69
2026-10-14,Wednesday,0,0,0,29.15,5.03,376,410,349,14.42,132.27,11,63.2,Fast_Food,12.95
2026-10-15,Thursday,0,1,0,25.55,0.0,349,402,315,11.55,178.25,7,56.7,Fast_Food,13.81
2026-10-16,Friday,0,1,1,24.08,3.81,375,482,367,13.74,120.01,10,64.6,Fast_Food,16.84
2026-10-17,Saturday,1,0,0,27.23,2.66,351,351,351,14.13,165.64,8,66.9,Indian,8.06
2026-10-18,Sunday,1,0,1,21.84,10.16,408,557,410,15.71,189.2,9,78.5,Continental,19.63
2026-10-19,Monday,0,0,0,28.93,0.0,336,443,303,15.82,124.69,8,50.8,Fast_Food,17.71
2026-10-20,Tuesday,0,0,1,32.09,12.28,374,442,379,14.82,164.43,8,62.3,Indian,17.26
2026-10-21,Wednesday,0,0,0,26.64,7.6,313,354,290,13.88,190.17,7,54.6,Indian,13.87
2026-10-22,Thursday,0,1,0,26.09,1.15,372,426,347,17.81,184.59,9,74.2,Chinese,14.79
2026-10-23,Friday,0,0,0,28.68,1.92,334,414,269,12.51,191.86,6,58.2,Chinese,15.43
2026-10-24,Saturday,1,0,0,17.87,1.77,429,514,416,12.99,145.89,9,64.3,Indian,17.08
2026-10-25,Sunday,1,0,0,29.42,6.93,445,481,438,14.1,190.15,11,85.0,Indian,12.55
2026-10-26,Monday,0,0,1,39.0,0.45,377,471,380,12.46,159.0,9,55.1,Continental,16.77
2026-10-27,Tuesday,0,0,0,26.45,10.13,421,455,409,14.78,204.99,10,70.1,Continental,15.65
2026-10-28,Wednesday,0,0,0,26.46,4.63,297,362,285,14.08,99.13,7,49.4,Continental,13.68
2026-10-29,Thursday,0,0,0,30.35,23.27,309,377,333,14.82,169.86,7,44.0,Bakery,12.37
2026-10-30,Friday,0,0,0,34.4,0.0,297,332,302,14.46,183.46,8,62.5,Indian,12.35
2026-10-31,Saturday,1,0,0,31.39,6.05,465,525,433,13.64,227.23,9,83.5,Fast_Food,15.57
2026-11-01,Sunday,1,0,0,17.3,0.0,438,558,443,11.4,183.04,9,78.8,Chinese,15.98
2026-11-02,Monday,0,0,0,29.54,0.84,311,333,312,13.9,186.59,7,57.1,Fast_Food,11.8
2026-11-03,Tuesday,0,1,0,38.57,5.08,275,293,269,9.63,193.14,6,55.5,Fast_Food,7.69
2026-11-04,Wednesday,0,0,0,29.8,6.6,378,392,326,10.14,223.86,6,72.4,Continental,13.81
2026-11-05,Thursday,0,0,0,21.8,0.14,343,362,309,13.43,166.63,6,55.4,Continental,11.96
2026-11-06,Friday,0,0,0,28.27,11.42,379,462,372,16.3,130.89,8,57.3,Fast_Food,14.78
2026-11-07,Saturday,1,1,0,21.24,14.25,383,465,362,20.58,124.19,10,81.6,Fast_Food,17.25
2026-11-08,Sunday,1,0,1,32.55,0.0,473,566,484,16.56,203.25,10,84.8,Indian,17.11
2026-11-09,Monday,0,0,0,22.7,0.98,341,379,355,13.53,187.81,7,60.9,Chinese,11.17
2026-11-10,Tuesday,0,0,0,27.33,0.51,308,366,279,14.53,171.03,7,53.4,Fast_Food,13.67
2026-11-11,Wednesday,0,0,0,23.14,0.0,325,314,314,18.69,159.49,7,74.9,Continental,11.27
2026-11-12,Thursday,0,1,0,24.54,13.33,264,380,245,18.78,186.33,7,52.2,Indian,17.4
2026-11-13,Friday,0,0,0,33.69,13.17,347,439,362,14.8,187.34,7,70.5,Bakery,14.19
2026-11-14,Saturday,1,1,0,27.47,0.66,412,438,415,14.27,196.79,8,62.0,Bakery,12.62
2026-11-15,Sunday,1,0,0,24.48,6.01,445,501,383,15.57,141.2,11,75.6,Continental,17.54
2026-11-16,Monday,0,0,0,21.85,9.99,353,386,350,17.45,118.25,9,74.0,Continental,12.2
2026-11-17,Tuesday,0,0,0,18.58,3.24,326,385,364,16.58,148.03,6,55.9,Indian,12.73
2026-11-18,Wednesday,0,0,0,21.37,0.34,384,477,359,13.73,132.71,9,64.5,Continental,16.11
2026-11-19,Thursday,0,0,0,27.5,0.0,361,447,371,15.88,130.9,8,54.5,Bakery,13.65
2026-11-20,Friday,0,1,0,31.41,6.85,354,400,324,17.1,234.94,8,52.3,Indian,15.7
2026-11-21,Saturday,1,0,0,24.48,0.0,461,532,437,13.56,100.65,9,74.5,Chinese,15.43
2026-11-22,Sunday,1,0,0,34.07,0.45,406,530,407,17.17,196.44,10,64.0,Bakery,18.32
2026-11-23,Monday,0,0,0,23.77,0.0,344,426,370,18.38,211.74,9,57.3,Chinese,14.15
2026-11-24,Tuesday,0,0,1,25.93,0.0,402,475,402,14.31,214.56,8,58.4,Bakery,15.99
2026-11-25,Wednesday,0,0,0,22.14,1.35,290,346,318,16.35,189.7,7,66.2,Chinese,11.97
2026-11-26,Thursday,0,0,0,31.46,0.88,291,303,300,16.48,226.2,8,49.1,Indian,10.48
2026-11-27,Friday,0,0,0,36.44,0.0,285,310,283,16.33,242.42,5,62.5,Bakery,10.03
2026-11-28,Saturday,1,0,0,19.07,12.8,406,499,410,18.14,169.42,8,60.4,Indian,16.98
2026-11-29,Sunday,1,0,0,25.44,6.91,398,488,411,16.21,195.66,10,80.1,Fast_Food,12.51
2026-11-30,Monday,0,0,1,32.69,2.01,325,457,304,15.95,224.65,7,64.4,Indian,15.65
2026-12-01,Tuesday,0,1,0,20.49,8.37,310,339,332,10.21,149.83,5,51.9,Fast_Food,10.56
2026-12-02,Wednesday,0,0,0,29.55,10.91,327,401,282,14.13,171.43,7,51.5,Indian,16.23
2026-12-03,Thursday,0,0,0,32.5,13.42,371,485,377,17.03,158.1,10,63.0,Fast_Food,16.36
2026-12-04,Friday,0,0,0,27.35,0.0,400,423,391,18.94,196.13,11,69.3,Bakery,14.48
2026-12-05,Saturday,1,0,0,29.48,8.36,426,538,354,13.85,113.57,9,83.2,Indian,19.73
2026-12-06,Sunday,1,1,0,34.92,0.9,361,436,376,17.56,230.28,7,60.9,Chinese,14.02
2026-12-07,Monday,0,0,0,35.77,3.02,353,337,337,17.86,198.68,7,53.8,Fast_Food,11.55
2026-12-08,Tuesday,0,0,0,26.72,0.0,330,386,318,13.61,200.65,9,50.1,Bakery,12.19
2026-12-09,Wednesday,0,1,0,24.6,1.75,297,293,293,16.26,97.28,7,53.9,Chinese,10.31
2026-12-10,Thursday,0,1,0,22.86,8.51,275,339,246,15.34,143.6,8,59.0,Bakery,14.9
2026-12-11,Friday,0,0,0,31.4,1.25,314,363,318,11.28,232.17,8,63.2,Bakery,11.72
2026-12-12,Saturday,1,0,0,20.83,0.0,404,474,376,13.9,173.79,8,65.3,Fast_Food,14.43
2026-12-13,Sunday,1,0,0,25.86,19.68,438,525,402,12.74,119.66,9,89.7,Chinese,16.6
2026-12-14,Monday,0,0,0,27.46,0.0,348,419,357,10.52,187.76,7,68.8,Continental,11.58
2026-12-15,Tuesday,0,0,0,24.74,0.0,394,476,384,13.29,203.77,8,73.9,Fast_Food,13.47
2026-12-16,Wednesday,0,0,1,28.26,0.0,399,481,374,13.94,198.6,8,63.7,Fast_Food,18.79
2026-12-17,Thursday,0,0,0,38.54,10.31,345,349,349,17.64,174.74,7,55.7,Indian,11.16
2026-12-18,Friday,0,0,0,26.45,0.0,319,430,312,15.34,219.74,8,63.0,Continental,15.91
2026-12-19,Saturday,1,0,0,25.04,0.0,374,435,367,17.03,155.43,8,64.0,Fast_Food,12.12
2026-12-20,Sunday,1,0,0,31.57,2.45,390,464,414,16.6,198.9,10,72.2,Chinese,15.99
2026-12-21,Monday,0,0,0,28.08,17.13,306,371,260,17.32,184.73,7,53.9,Continental,15.38
2026-12-22,Tuesday,0,0,1,33.48,4.77,285,337,299,14.17,175.34,6,47.4,Chinese,11.93
2026-12-23,Wednesday,0,0,1,27.74,0.0,340,356,352,14.27,166.74,8,44.4,Indian,12.12
2026-12-24,Thursday,0,1,0,25.88,26.48,361,361,325,13.16,167.97,7,71.1,Indian,12.57
2026-12-25,Friday,0,0,0,18.97,3.89,343,363,363,14.79,181.13,5,69.8,Chinese,10.58
2026-12-26,Saturday,1,0,0,19.71,9.13,397,427,419,14.22,169.75,9,74.7,Continental,10.29
2026-12-27,Sunday,1,0,1,18.74,0.0,469,583,469,12.14,205.66,11,82.0,Fast_Food,18.88
2026-12-28,Monday,0,0,1,28.71,22.54,307,452,301,13.09,161.24,7,46.3,Indian,19.93
2026-12-29,Tuesday,0,1,0,20.87,0.06,315,322,268,18.33,234.89,7,67.2,Chinese,13.39
2026-12-30,Wednesday,0,0,0,32.65,0.0,375,445,365,12.17,159.68,7,65.4,Fast_Food,11.77
2026-12-31,Thursday,0,0,0,27.14,3.16,326,399,345,15.0,212.2,8,68.6,Indian,11.88
2027-01-01,Friday,0,0,0,25.9,9.13,268,314,259,17.13,213.71,6,49.5,Bakery,12.57
2027-01-02,Saturday,1,0,0,23.2,5.97,396,417,383,16.64,185.81,9,65.4,Continental,12.08
2027-01-03,Sunday,1,0,0,29.8,5.81,455,576,409,19.23,182.69,10,80.2,Bakery,19.08
2027-01-04,Monday,0,0,0,23.38,5.21,339,362,320,19.72,154.49,7,58.8,Fast_Food,13.74
2027-01-05,Tuesday,0,0,0,22.57,2.59,280,306,296,17.22,161.9,5,53.0,Bakery,10.56
2027-01-06,Wednesday,0,0,0,32.35,0.0,413,496,369,13.84,187.69,9,77.3,Fast_Food,16.42
2027-01-07,Thursday,0,0,0,28.6,0.83,286,346,265,15.64,178.42,6,43.2,Indian,14.01
2027-01-08,Friday,0,0,0,25.94,0.24,321,331,299,16.51,221.41,7,60.6,Fast_Food,11.13
2027-01-09,Saturday,1,0,0,29.89,13.48,374,407,384,14.82,164.09,10,79.5,Indian,12.19
2027-01-10,Sunday,1,1,1,27.04,10.33,394,532,390,12.31,166.21,9,74.7,Continental,20.49
2027-01-11,Monday,0,0,0,28.72,0.0,314,369,288,11.59,121.73,5,57.0,Chinese,13.68
2027-01-12,Tuesday,0,0,0,23.32,7.43,352,401,337,13.6,202.52,7,59.8,Fast_Food,13.31
2027-01-13,Wednesday,0,0,0,36.32,1.5,375,436,370,10.63,199.36,7,75.8,Fast_Food,14.1
2027-01-14,Thursday,0,0,0,24.39,0.0,316,276,276,11.54,214.2,7,54.8,Bakery,9.29
2027-01-15,Friday,0,0,0,34.0,6.3,295,365,254,6.84,216.17,5,60.3,Indian,12.3
2027-01-16,Saturday,1,0,0,26.15,0.0,427,541,475,13.24,207.61,10,81.2,Bakery,14.99
2027-01-17,Sunday,1,1,0,30.63,0.0,403,450,352,16.29,209.09,9,76.1,Fast_Food,15.73
2027-01-18,Monday,0,0,0,30.3,0.0,338,390,302,15.68,201.35,7,63.9,Chinese,13.47
2027-01-19,Tuesday,0,0,0,32.16,6.5,340,438,350,19.14,206.74,8,68.6,Indian,16.05
2027-01-20,Wednesday,0,0,0,23.22,10.49,326,414,331,19.63,115.53,7,53.5,Chinese,15.22
2027-01-21,Thursday,0,0,0,31.84,10.24,333,360,332,17.89,141.51,7,49.4,Indian,11.18
2027-01-22,Friday,0,0,0,35.31,0.0,324,390,260,15.14,135.79,7,59.8,Continental,17.12
2027-01-23,Saturday,1,0,0,25.84,0.0,447,490,415,14.6,224.46,10,86.2,Indian,16.76
2027-01-24,Sunday,1,0,0,27.16,6.49,488,528,459,15.71,152.6,11,94.5,Chinese,15.68
2027-01-25,Monday,0,0,0,24.64,0.0,336,402,335,14.59,158.2,8,58.1,Fast_Food,12.42
2027-01-26,Tuesday,0,1,0,25.44,1.14,305,313,291,15.57,180.23,8,47.8,Chinese,9.83
2027-01-27,Wednesday,0,0,0,34.7,7.32,339,380,301,15.64,136.47,7,61.6,Bakery,16.32
2027-01-28,Thursday,0,0,1,22.48,2.1,352,405,344,14.48,193.32,8,68.5,Indian,14.43
2027-01-29,Friday,0,0,1,22.76,3.86,402,495,379,16.66,105.44,11,74.1,Continental,17.37
2027-01-30,Saturday,1,0,1,34.25,0.97,470,575,455,15.39,138.79,10,99.1,Bakery,19.32
2027-01-31,Sunday,1,0,0,29.81,9.27,395,454,363,15.41,186.96,9,67.0,Chinese,16.33
2027-02-01,Monday,0,0,0,36.54,10.4,362,408,353,12.88,136.54,7,67.9,Chinese,14.24
2027-02-02,Tuesday,0,0,0,24.97,5.21,331,408,274,12.86,225.47,7,52.3,Bakery,15.23
2027-02-03,Wednesday,0,0,0,27.57,10.44,296,312,256,19.14,181.62,6,52.0,Continental,13.63
2027-02-04,Thursday,0,0,0,24.03,34.51,342,422,274,14.31,219.62,8,63.9,Bakery,17.95
2027-02-05,Friday,0,0,0,27.64,7.15,338,334,334,16.18,192.53,8,58.0,Bakery,11.64
2027-02-06,Saturday,1,0,0,19.02,1.67,444,505,419,13.28,179.58,10,72.6,Indian,15.74
2027-02-07,Sunday,1,0,0,30.08,4.02,439,441,431,9.14,145.12,11,74.0,Fast_Food,10.87
2027-02-08,Monday,0,0,0,28.46,11.68,326,334,318,12.46,212.52,6,65.4,Continental,12.06
2027-02-09,Tuesday,0,0,0,26.74,0.02,313,289,289,11.58,195.44,7,61.5,Bakery,7.91
2027-02-10,Wednesday,0,1,0,25.24,0.0,305,386,282,12.91,252.96,7,52.1,Continental,15.59
2027-02-11,Thursday,0,0,0,22.97,3.9,343,423,367,16.24,208.99,8,68.7,Fast_Food,12.92
2027-02-12,Friday,0,0,0,30.27,1.57,347,445,385,15.49,166.09,7,47.8,Chinese,13.05
2027-02-13,Saturday,1,0,0,21.73,0.0,421,557,412,15.41,190.13,8,63.6,Continental,17.9
2027-02-14,Sunday,1,0,0,29.3,2.86,407,450,388,13.77,194.77,8,68.7,Fast_Food,13.46
2027-02-15,Monday,0,0,0,36.34,14.41,365,402,357,15.49,220.7,8,61.6,Bakery,12.73
2027-02-16,Tuesday,0,0,0,33.68,4.94,306,318,261,14.1,226.27,7,59.9,Indian,15.33
2027-02-17,Wednesday,0,0,0,20.23,0.0,417,476,411,9.63,174.33,9,89.7,Indian,14.52
2027-02-18,Thursday,0,0,0,24.58,6.22,357,468,379,13.93,137.46,8,57.2,Bakery,15.51
2027-02-19,Friday,0,0,0,28.9,0.59,291,369,277,16.83,115.12,6,44.2,Continental,14.02
2027-02-20,Saturday,1,0,0,26.68,25.16,416,436,363,18.94,140.12,10,73.2,Indian,15.14
2027-02-21,Sunday,1,0,1,20.7,5.54,482,599,496,21.17,159.29,11,67.6,Continental,19.81
2027-02-22,Monday,0,0,0,28.73,0.0,318,398,306,19.47,232.65,7,60.1,Bakery,15.04
2027-02-23,Tuesday,0,0,0,26.95,6.89,278,322,257,17.99,233.18,7,33.8,Bakery,11.73
2027-02-24,Wednesday,0,0,0,35.61,3.31,294,356,256,18.28,213.61,7,47.3,Chinese,15.41
2027-02-25,Thursday,0,0,0,25.86,12.99,349,387,376,14.47,223.06,6,54.6,Fast_Food,11.84
2027-02-26,Friday,0,1,0,32.26,0.0,244,182,182,9.97,155.24,5,42.5,Chinese,6.62
2027-02-27,Saturday,1,0,0,21.3,5.52,359,443,357,10.44,126.96,7,60.4,Chinese,12.65
2027-02-28,Sunday,1,0,0,22.37,0.0,429,497,445,15.54,144.77,10,64.3,Fast_Food,14.51
2027-03-01,Monday,0,0,0,30.25,2.6,322,379,301,13.16,108.78,5,62.7,Indian,13.8
2027-03-02,Tuesday,0,0,0,31.88,0.0,306,339,284,14.88,141.01,7,40.6,Chinese,11.38
2027-03-03,Wednesday,0,0,0,22.69,3.1,313,321,266,15.62,162.29,8,59.6,Indian,13.39
2027-03-04,Thursday,0,0,1,27.11,4.56,324,385,288,15.23,185.83,7,58.4,Indian,15.9
2027-03-05,Friday,0,0,0,20.78,5.2,347,356,320,12.2,184.74,7,56.4,Chinese,11.23
2027-03-06,Saturday,1,0,1,26.18,0.0,427,468,418,13.68,155.86,11,80.0,Bakery,13.92
2027-03-07,Sunday,1,0,0,30.77,2.78,391,421,383,12.83,199.91,10,81.9,Chinese,12.23
2027-03-08,Monday,0,0,0,25.04,11.31,342,403,290,16.97,156.53,7,58.7,Fast_Food,16.66
2027-03-09,Tuesday,0,0,0,25.88,19.01,321,412,266,18.5,180.35,7,47.7,Indian,17.45
2027-03-10,Wednesday,0,0,1,21.92,2.99,350,419,325,16.23,141.15,6,66.8,Bakery,17.3
2027-03-11,Thursday,0,0,0,24.08,11.66,260,289,287,19.31,218.1,6,39.9,Continental,10.84
2027-03-12,Friday,0,0,0,34.91,0.0,343,446,363,16.47,180.73,6,58.0,Bakery,15.47
2027-03-13,Saturday,1,0,0,27.33,0.26,413,497,418,11.73,203.76,10,71.4,Chinese,13.51
2027-03-14,Sunday,1,0,0,22.49,3.69,392,404,333,13.05,137.43,10,78.7,Continental,15.73
2027-03-15,Monday,0,0,0,25.58,1.6,294,297,224,17.32,186.1,6,44.8,Indian,14.18
2027-03-16,Tuesday,0,0,0,19.81,1.09,330,349,292,13.87,200.03,6,64.0,Indian,12.8
2027-03-17,Wednesday,0,0,0,22.44,10.34,347,423,316,13.77,108.46,9,62.0,Continental,15.9
2027-03-18,Thursday,0,0,0,33.12,0.0,333,345,314,11.49,220.88,7,55.7,Fast_Food,10.14
2027-03-19,Friday,0,0,0,26.36,0.0,387,402,358,9.9,136.27,9,67.4,Indian,11.4
2027-03-20,Saturday,1,0,0,35.51,0.0,435,518,437,10.15,187.38,9,83.4,Fast_Food,14.14
2027-03-21,Sunday,1,0,0,26.57,3.9,406,506,391,9.84,242.57,9,76.4,Fast_Food,13.78
2027-03-22,Monday,0,0,0,26.84,0.58,356,366,343,11.45,213.42,8,70.6,Continental,10.62
2027-03-23,Tuesday,0,0,0,29.88,9.21,332,361,285,16.25,127.85,6,55.6,Fast_Food,12.8
2027-03-24,Wednesday,0,0,1,16.0,3.31,377,496,328,15.15,173.77,10,73.1,Continental,21.1
2027-03-25,Thursday,0,0,0,27.92,0.0,375,496,338,17.56,223.17,10,62.3,Bakery,18.81
2027-03-26,Friday,0,0,0,26.78,0.0,299,260,260,19.2,151.41,8,64.4,Fast_Food,11.34
2027-03-27,Saturday,1,0,0,33.69,1.3,411,521,351,13.2,167.4,10,68.3,Bakery,18.23
2027-03-28,Sunday,1,0,0,31.34,0.0,452,565,420,13.15,166.42,12,75.7,Chinese,16.92
2027-03-29,Monday,0,0,0,21.9,10.62,341,346,296,16.34,199.95,7,66.1,Fast_Food,11.19
2027-03-30,Tuesday,0,0,0,32.59,0.38,317,434,310,13.56,126.21,6,66.8,Bakery,15.65
2027-03-31,Wednesday,0,0,1,25.82,0.0,315,420,308,16.13,201.91,7,49.6,Indian,18.43
2027-04-01,Thursday,0,0,0,22.93,13.08,251,313,242,19.29,158.2,6,46.0,Continental,13.86
2027-04-02,Friday,0,0,0,27.89,1.37,403,478,392,13.33,179.6,9,74.4,Bakery,14.63
2027-04-03,Saturday,1,0,0,26.09,6.17,421,494,411,13.25,172.13,8,87.9,Chinese,14.7
2027-04-04,Sunday,1,0,0,33.92,0.0,390,442,378,13.52,200.99,9,69.6,Continental,14.21
2027-04-05,Monday,0,0,0,28.53,13.56,342,409,327,12.69,179.26,8,52.6,Fast_Food,14.61
2027-04-06,Tuesday,0,1,0,27.93,0.0,272,368,296,12.36,230.42,7,53.2,Fast_Food,14.4
2027-04-07,Wednesday,0,0,1,31.05,0.58,363,475,347,12.34,214.63,8,61.8,Indian,18.27
2027-04-08,Thursday,0,0,0,31.92,13.22,297,448,281,14.06,152.16,5,53.8,Chinese,18.06
2027-04-09,Friday,0,0,0,30.53,0.0,281,376,256,15.69,227.79,7,61.9,Chinese,14.76
2027-04-10,Saturday,1,1,1,33.39,4.06,356,465,318,17.6,191.18,9,57.3,Indian,20.24
2027-04-11,Sunday,1,0,0,29.74,5.09,354,351,351,16.63,185.95,8,60.4,Indian,10.88
2027-04-12,Monday,0,0,0,27.75,10.99,366,352,352,16.94,209.69,9,58.8,Fast_Food,10.51
2027-04-13,Tuesday,0,0,0,32.58,3.54,295,298,253,13.32,143.56,6,48.3,Fast_Food,11.35
2027-04-14,Wednesday,0,0,0,26.59,1.67,349,395,369,10.89,131.72,8,62.0,Bakery,11.43
2027-04-15,Thursday,0,0,0,27.15,9.75,363,422,328,11.54,180.87,7,63.7,Bakery,14.51
2027-04-16,Friday,0,0,0,34.75,4.96,331,420,351,14.34,158.78,7,46.6,Bakery,13.13
2027-04-17,Saturday,1,0,0,34.3,0.91,400,457,380,16.17,252.58,9,74.6,Indian,15.0
2027-04-18,Sunday,1,0,1,26.96,13.85,460,537,457,18.41,153.25,11,73.2,Chinese,17.09
2027-04-19,Monday,0,0,0,24.96,5.57,315,379,292,16.89,181.41,6,47.8,Indian,15.23
2027-04-20,Tuesday,0,0,0,33.58,16.51,372,452,331,17.3,186.72,7,79.8,Fast_Food,16.34
2027-04-21,Wednesday,0,0,0,30.6,0.0,396,450,356,19.25,223.09,9,60.5,Bakery,14.79
2027-04-22,Thursday,0,0,0,28.42,10.93,381,433,340,15.08,145.19,9,62.3,Indian,15.88
2027-04-23,Friday,0,0,0,25.55,0.0,255,292,247,14.44,123.58,6,47.6,Continental,12.01
2027-04-24,Saturday,1,0,0,28.49,9.68,395,387,333,20.13,228.81,10,72.4,Continental,14.14
2027-04-25,Sunday,1,0,0,26.9,0.0,410,511,433,18.59,182.82,9,71.5,Indian,15.93
2027-04-26,Monday,0,0,0,24.01,3.36,346,407,338,17.43,208.34,8,56.2,Fast_Food,14.15
2027-04-27,Tuesday,0,0,0,27.58,5.34,270,311,235,17.64,209.98,6,56.6,Chinese,15.34
2027-04-28,Wednesday,0,1,0,28.19,1.01,244,321,223,12.91,216.05,5,32.0,Chinese,13.52
2027-04-29,Thursday,0,0,0,25.31,2.29,376,396,392,12.56,166.77,9,70.4,Bakery,10.38
2027-04-30,Friday,0,0,0,31.07,0.0,310,396,313,10.47,157.29,9,46.3,Indian,12.34
2027-05-01,Saturday,1,0,0,32.8,8.52,358,351,351,13.63,110.13,9,56.9,Chinese,10.98
2027-05-02,Sunday,1,0,0,31.36,3.71,371,406,351,12.32,145.18,9,57.3,Fast_Food,12.38
2027-05-03,Monday,0,0,0,25.76,0.0,344,465,306,13.41,182.18,8,55.5,Chinese,18.0
2027-05-04,Tuesday,0,0,0,30.4,3.97,301,338,286,14.26,155.45,5,43.3,Continental,12.12
2027-05-05,Wednesday,0,1,1,27.35,4.19,358,487,313,10.46,140.07,8,72.1,Chinese,20.47
2027-05-06,Thursday,0,0,0,21.44,2.57,296,339,251,15.74,181.76,7,54.1,Indian,13.7
2027-05-07,Friday,0,0,0,30.03,0.0,269,356,280,11.26,227.0,6,37.8,Indian,10.42
2027-05-08,Saturday,1,0,0,27.66,0.38,460,520,424,11.38,178.04,10,76.2,Fast_Food,15.58
2027-05-09,Sunday,1,0,0,38.67,8.36,424,449,417,10.38,140.35,8,73.7,Indian,10.69
2027-05-10,Monday,0,0,0,33.56,5.79,318,338,301,10.12,224.53,7,59.0,Bakery,10.9
2027-05-11,Tuesday,0,0,0,30.2,5.54,312,330,288,12.44,152.91,6,52.7,Indian,11.52
2027-05-12,Wednesday,0,1,0,28.12,3.66,356,394,323,15.82,231.78,9,59.0,Bakery,14.59
2027-05-13,Thursday,0,0,0,27.74,9.58,351,363,313,11.54,170.79,9,65.8,Bakery,12.37
2027-05-14,Friday,0,0,0,22.48,0.0,370,394,343,11.57,183.61,10,67.0,Indian,12.35
2027-05-15,Saturday,1,0,0,19.17,0.0,390,464,385,8.97,234.63,8,59.2,Continental,14.01
2027-05-16,Sunday,1,0,0,23.07,20.73,412,465,416,10.65,132.7,8,84.2,Fast_Food,12.68
2027-05-17,Monday,0,0,0,26.79,0.0,344,388,342,12.54,143.25,7,67.9,Continental,14.9
2027-05-18,Tuesday,0,0,0,17.53,0.0,311,355,282,14.88,168.57,6,54.2,Bakery,12.75
2027-05-19,Wednesday,0,0,1,24.55,0.93,372,497,351,9.91,175.1,7,72.3,Indian,16.93
2027-05-20,Thursday,0,0,0,25.89,2.78,310,316,272,14.42,272.47,6,71.9,Bakery,10.4
2027-05-21,Friday,0,0,0,26.03,9.65,344,371,350,11.88,148.92,9,66.7,Continental,12.03
2027-05-22,Saturday,1,0,0,24.02,0.38,364,456,327,9.92,134.35,7,56.9,Chinese,13.68
2027-05-23,Sunday,1,0,0,25.46,0.35,430,529,393,13.16,147.25,11,73.7,Continental,16.26
2027-05-24,Monday,0,0,1,34.76,2.24,386,479,333,15.93,188.12,10,63.8,Chinese,18.07
2027-05-25,Tuesday,0,0,0,29.98,0.0,323,362,337,15.7,197.22,7,53.0,Chinese,11.67
2027-05-26,Wednesday,0,1,0,24.48,0.0,321,356,356,11.96,155.25,8,57.4,Indian,11.54
2027-05-27,Thursday,0,0,0,26.69,0.0,317,293,293,12.16,180.74,6,50.0,Fast_Food,8.08
2027-05-28,Friday,0,0,1,26.87,12.78,352,362,318,10.88,248.08,7,68.2,Chinese,14.16
2027-05-29,Saturday,1,0,0,23.54,7.33,429,528,396,13.75,181.23,10,74.7,Chinese,14.48
2027-05-30,Sunday,1,0,0,23.54,2.05,431,489,386,17.14,191.23,10,76.7,Bakery,15.62
2027-05-31,Monday,0,0,0,31.55,5.77,312,307,307,18.17,246.11,8,43.0,Bakery,11.34
2027-06-01,Tuesday,0,0,0,25.11,7.62,309,351,277,15.13,155.57,6,50.1,Fast_Food,12.72
2027-06-02,Wednesday,0,0,0,22.07,0.0,324,405,317,17.17,153.28,7,49.1,Indian,15.43
2027-06-03,Thursday,0,0,0,26.81,11.4,311,386,288,13.54,163.56,7,52.3,Bakery,12.18
2027-06-04,Friday,0,0,0,27.53,5.9,383,388,382,18.19,161.52,8,56.9,Indian,11.16
2027-06-05,Saturday,1,0,0,18.12,3.27,421,428,359,13.0,116.26,8,76.5,Chinese,14.36
2027-06-06,Sunday,1,0,0,26.82,10.17,411,448,382,9.21,184.83,9,69.4,Bakery,13.79
2027-06-07,Monday,0,1,0,30.91,6.21,272,323,235,14.94,187.59,6,52.0,Indian,14.95
2027-06-08,Tuesday,0,0,0,29.03,5.71,356,395,349,13.22,173.49,9,60.2,Indian,12.7
2027-06-09,Wednesday,0,0,1,37.03,0.0,354,456,341,13.76,188.66,7,67.7,Continental,16.57
2027-06-10,Thursday,0,0,0,32.63,7.99,307,345,326,12.3,189.03,8,52.4,Chinese,9.69
2027-06-11,Friday,0,0,1,33.52,4.89,402,546,378,17.96,133.93,10,74.1,Chinese,23.36
2027-06-12,Saturday,1,0,0,39.0,0.0,424,464,413,21.11,190.1,9,77.2,Fast_Food,13.18
2027-06-13,Sunday,1,0,1,30.41,3.33,367,478,360,20.51,199.55,8,71.3,Bakery,17.4
2027-06-14,Monday,0,0,0,27.73,0.0,324,359,298,17.84,124.1,8,52.9,Bakery,13.97
2027-06-15,Tuesday,0,0,0,31.38,1.31,334,364,276,17.92,231.21,8,67.0,Indian,13.79
2027-06-16,Wednesday,0,0,0,24.48,28.91,318,323,323,16.0,136.75,7,58.6,Fast_Food,12.5
2027-06-17,Thursday,0,0,0,27.48,0.0,336,318,296,16.67,140.16,7,69.0,Bakery,14.2
2027-06-18,Friday,0,0,1,24.09,0.0,312,440,318,13.86,187.07,8,54.9,Indian,16.79
2027-06-19,Saturday,1,0,0,28.79,0.0,311,368,278,18.19,198.71,7,49.4,Continental,15.23
2027-06-20,Sunday,1,0,0,24.07,1.25,376,378,358,15.25,207.22,8,58.5,Indian,9.88
2027-06-21,Monday,0,0,0,23.91,6.85,340,402,290,13.34,199.63,8,56.4,Indian,16.29
2027-06-22,Tuesday,0,0,0,28.86,2.4,217,263,239,13.32,161.81,6,43.3,Indian,7.5
2027-06-23,Wednesday,0,1,0,26.38,0.0,275,349,266,13.71,183.8,8,43.8,Fast_Food,11.89
2027-06-24,Thursday,0,0,0,18.33,6.73,263,292,284,13.31,168.92,5,42.9,Continental,10.07
2027-06-25,Friday,0,0,0,20.45,0.0,322,381,327,14.16,186.1,7,50.7,Indian,12.89
2027-06-26,Saturday,1,1,0,21.84,0.0,454,471,460,12.96,182.4,9,72.4,Continental,11.29
2027-06-27,Sunday,1,0,0,23.03,10.96,402,444,356,14.7,162.33,10,60.7,Indian,14.77
2027-06-28,Monday,0,0,0,28.86,2.64,326,384,327,18.01,167.85,7,51.9,Indian,11.72
2027-06-29,Tuesday,0,0,0,27.99,2.87,359,380,332,15.96,115.17,8,61.5,Bakery,12.58
2027-06-30,Wednesday,0,0,0,31.79,0.0,331,382,321,19.64,209.05,7,58.2,Chinese,12.87
2027-07-01,Thursday,0,0,0,30.39,0.0,322,397,315,19.05,190.41,7,63.7,Fast_Food,13.44
2027-07-02,Friday,0,0,0,31.82,9.22,362,347,347,21.26,99.27,7,68.0,Chinese,12.57
2027-07-03,Saturday,1,0,0,29.74,4.4,427,402,402,16.43,207.76,11,72.6,Indian,12.1
2027-07-04,Sunday,1,0,0,27.94,7.07,420,523,351,10.74,178.14,10,67.8,Bakery,18.97
2027-07-05,Monday,0,0,0,31.95,2.01,325,349,325,12.34,147.21,8,52.7,Indian,10.77
2027-07-06,Tuesday,0,0,0,31.14,9.34,318,437,306,11.51,144.11,6,52.8,Chinese,16.24
2027-07-07,Wednesday,0,0,0,28.69,0.0,362,433,396,11.66,155.91,7,60.6,Fast_Food,11.14
2027-07-08,Thursday,0,0,0,32.72,1.13,318,318,316,7.86,147.4,7,66.4,Continental,8.81
2027-07-09,Friday,0,0,0,16.44,5.53,373,500,361,12.81,152.1,9,74.1,Bakery,17.2
2027-07-10,Saturday,1,0,0,25.69,0.0,373,489,333,10.34,239.52,9,54.9,Bakery,16.35
2027-07-11,Sunday,1,0,0,25.62,20.74,460,467,420,15.57,192.99,9,75.3,Indian,14.35
2027-07-12,Monday,0,0,0,32.19,2.72,347,359,359,19.38,251.26,8,59.5,Indian,12.44
2027-07-13,Tuesday,0,1,0,34.07,0.0,271,319,282,14.01,187.9,5,43.7,Continental,13.08
2027-07-14,Wednesday,0,0,0,20.47,2.57,348,361,340,14.6,200.27,7,52.7,Indian,11.04
2027-07-15,Thursday,0,0,1,33.35,0.0,352,448,320,12.95,149.18,8,64.4,Continental,18.94
2027-07-16,Friday,0,0,0,21.73,0.0,331,356,317,16.18,174.12,6,56.7,Chinese,10.66
2027-07-17,Saturday,1,0,0,21.86,11.38,393,436,346,12.12,177.14,8,66.1,Bakery,14.45
2027-07-18,Sunday,1,0,0,25.95,0.0,405,432,390,13.24,201.7,11,83.4,Bakery,11.8
2027-07-19,Monday,0,0,0,25.57,0.0,363,430,341,15.93,178.27,9,51.8,Indian,14.74
2027-07-20,Tuesday,0,0,0,19.99,0.0,348,365,308,15.13,192.3,10,64.4,Indian,13.7
2027-07-21,Wednesday,0,0,0,29.92,0.44,291,344,314,10.91,191.04,7,45.4,Bakery,10.87
2027-07-22,Thursday,0,0,0,30.06,3.12,293,323,290,15.0,169.4,7,53.1,Indian,11.82
2027-07-23,Friday,0,0,0,31.74,0.0,339,382,313,11.3,165.8,7,56.9,Indian,12.97
2027-07-24,Saturday,1,0,0,25.05,25.98,422,449,425,13.08,156.59,9,74.0,Indian,12.75
2027-07-25,Sunday,1,0,0,26.82,0.0,386,504,403,14.46,217.88,9,73.4,Chinese,16.31
2027-07-26,Monday,0,0,0,26.86,0.0,386,391,354,14.98,169.41,10,53.7,Indian,10.98
2027-07-27,Tuesday,0,0,0,34.6,0.28,358,425,344,19.77,191.51,9,61.3,Chinese,14.31
2027-07-28,Wednesday,0,0,0,16.0,23.23,308,410,280,18.48,174.52,6,52.7,Indian,17.6
2027-07-29,Thursday,0,0,1,22.69,7.23,350,456,321,16.43,217.19,8,58.2,Fast_Food,19.81
2027-07-30,Friday,0,0,0,27.02,0.0,322,341,318,17.34,110.42,6,50.0,Indian,11.21
2027-07-31,Saturday,1,0,1,22.11,0.0,443,535,403,15.54,190.6,10,92.4,Fast_Food,18.59
2027-08-01,Sunday,1,0,0,25.84,0.0,454,456,455,15.68,136.08,12,85.5,Continental,10.84
2027-08-02,Monday,0,0,0,26.43,0.16,364,408,398,14.6,193.67,7,48.7,Continental,10.74
2027-08-03,Tuesday,0,1,0,24.04,1.0,306,351,298,12.74,174.87,9,51.6,Bakery,13.19
2027-08-04,Wednesday,0,0,0,27.29,6.79,354,455,311,13.84,128.26,8,66.3,Chinese,18.38
2027-08-05,Thursday,0,0,1,29.83,4.94,404,389,380,13.84,191.82,9,62.6,Indian,13.01
2027-08-06,Friday,0,0,0,25.94,0.04,332,337,323,9.17,187.85,7,54.3,Continental,9.28
2027-08-07,Saturday,1,0,1,24.96,15.7,469,515,492,13.8,171.91,10,83.2,Indian,15.07
2027-08-08,Sunday,1,0,0,26.25,0.0,431,511,402,12.24,176.34,9,89.5,Indian,14.19
2027-08-09,Monday,0,0,0,26.97,0.0,347,426,313,14.13,185.65,8,72.3,Bakery,16.46
2027-08-10,Tuesday,0,0,0,19.17,3.42,303,326,262,13.04,221.24,6,49.1,Bakery,11.15
2027-08-11,Wednesday,0,0,0,29.08,10.46,306,338,247,12.03,169.0,6,52.5,Chinese,13.99
2027-08-12,Thursday,0,0,1,24.97,1.8,365,515,341,11.22,215.46,8,73.4,Chinese,19.69
2027-08-13,Friday,0,0,0,32.68,0.0,305,322,297,16.22,178.69,5,45.2,Continental,12.27
2027-08-14,Saturday,1,0,0,29.66,2.89,358,477,375,17.22,225.35,7,59.7,Indian,15.93
2027-08-15,Sunday,1,0,0,32.27,3.69,434,488,454,16.03,171.77,8,72.7,Indian,13.39
2027-08-16,Monday,0,0,0,22.45,4.42,342,397,335,13.44,156.68,9,53.9,Continental,13.7
2027-08-17,Tuesday,0,0,0,25.33,3.02,283,338,240,10.07,141.58,7,63.5,Chinese,13.86
2027-08-18,Wednesday,0,0,0,21.41,12.07,322,430,280,14.46,178.82,8,49.8,Indian,18.94
2027-08-19,Thursday,0,0,0,23.83,0.0,324,376,312,13.82,152.24,7,70.8,Continental,11.95
2027-08-20,Friday,0,0,0,32.63,6.9,336,418,291,11.53,229.16,8,61.2,Continental,14.16
2027-08-21,Saturday,1,0,0,33.69,0.0,372,411,356,13.78,149.51,9,63.6,Chinese,11.33
2027-08-22,Sunday,1,0,0,21.83,1.09,363,414,341,13.12,155.85,8,48.6,Bakery,11.63
2027-08-23,Monday,0,0,0,24.94,0.0,348,426,338,10.44,200.34,9,59.3,Fast_Food,11.82
2027-08-24,Tuesday,0,0,0,26.66,5.0,276,326,276,9.72,221.5,6,42.2,Continental,9.99
2027-08-25,Wednesday,0,0,1,29.64,0.0,367,513,354,12.71,205.59,9,76.0,Indian,18.81
2027-08-26,Thursday,0,1,0,19.08,7.3,294,353,295,13.19,217.05,7,47.4,Continental,14.12
2027-08-27,Friday,0,0,0,19.79,0.85,326,296,296,14.75,177.19,6,59.6,Fast_Food,10.22
2027-08-28,Saturday,1,0,0,29.2,0.0,419,532,361,13.96,177.69,9,82.4,Continental,18.49
2027-08-29,Sunday,1,1,0,18.23,0.0,441,490,478,17.64,250.41,8,76.3,Continental,12.97
2027-08-30,Monday,0,0,0,24.99,0.35,274,302,241,13.25,239.16,6,51.3,Indian,13.94
2027-08-31,Tuesday,0,0,0,27.73,3.03,361,410,367,14.21,205.0,8,65.6,Chinese,12.87
2027-09-01,Wednesday,0,0,0,28.87,2.25,242,260,217,15.31,218.73,5,60.2,Bakery,11.32
2027-09-02,Thursday,0,1,0,26.36,0.0,354,449,334,13.03,210.05,7,51.4,Indian,16.11
2027-09-03,Friday,0,0,0,25.35,2.27,258,336,243,16.72,137.79,6,53.9,Continental,13.89
2027-09-04,Saturday,1,0,0,30.8,1.14,495,573,495,11.98,178.61,10,77.7,Bakery,17.15
2027-09-05,Sunday,1,0,0,28.28,0.0,396,502,384,11.49,232.39,11,74.2,Indian,15.5
2027-09-06,Monday,0,0,0,24.09,7.25,375,527,383,9.84,205.21,9,76.3,Bakery,16.55
2027-09-07,Tuesday,0,0,0,27.17,11.03,368,406,365,11.54,177.77,7,57.7,Bakery,10.51
2027-09-08,Wednesday,0,0,0,28.72,1.33,315,343,314,12.34,232.81,8,62.4,Fast_Food,9.78
2027-09-09,Thursday,0,1,0,34.73,0.38,292,363,286,14.73,192.93,7,51.1,Fast_Food,12.96
2027-09-10,Friday,0,0,0,30.54,19.31,301,322,271,14.21,206.45,7,52.3,Bakery,13.13
2027-09-11,Saturday,1,0,0,32.47,11.37,438,529,400,12.7,193.11,9,77.2,Indian,16.6
2027-09-12,Sunday,1,0,0,24.25,1.52,395,488,359,10.85,198.94,11,61.2,Fast_Food,15.6
2027-09-13,Monday,0,0,0,24.64,0.0,301,276,276,10.76,201.44,7,48.1,Chinese,8.24
2027-09-14,Tuesday,0,0,0,25.94,7.47,349,394,317,12.52,225.49,7,54.4,Bakery,12.49
2027-09-15,Wednesday,0,0,1,26.35,0.57,344,393,307,15.5,230.05,8,58.1,Continental,15.29
2027-09-16,Thursday,0,0,0,22.46,19.76,318,357,254,14.08,164.21,7,60.1,Fast_Food,14.5
2027-09-17,Friday,0,0,0,32.7,4.34,334,272,272,17.24,192.44,7,50.0,Indian,11.0
2027-09-18,Saturday,1,0,0,30.98,2.41,388,452,312,12.67,224.49,7,70.2,Indian,16.73
2027-09-19,Sunday,1,0,0,25.62,14.37,393,441,369,13.52,175.4,9,74.8,Fast_Food,13.07
2027-09-20,Monday,0,0,0,29.89,7.47,384,386,373,13.27,134.19,8,53.7,Chinese,11.09
2027-09-21,Tuesday,0,0,0,28.0,0.0,323,376,336,16.49,148.2,7,66.0,Continental,12.18
2027-09-22,Wednesday,0,0,0,30.24,0.0,317,382,309,15.2,150.61,7,47.5,Fast_Food,11.88
2027-09-23,Thursday,0,0,0,20.95,0.0,324,367,310,10.76,163.96,7,58.5,Indian,11.97
2027-09-24,Friday,0,0,0,26.34,23.0,346,365,361,14.62,153.88,7,73.8,Chinese,12.9
2027-09-25,Saturday,1,0,0,26.74,28.05,374,468,415,17.69,216.02,9,68.8,Chinese,14.22
2027-09-26,Sunday,1,0,0,29.81,4.39,425,532,438,15.05,170.31,9,73.3,Bakery,14.22
2027-09-27,Monday,0,1,1,24.17,9.99,359,406,342,12.93,224.14,7,79.0,Indian,17.33
2027-09-28,Tuesday,0,0,0,16.0,1.86,267,303,209,15.49,140.44,5,58.3,Chinese,14.84
2027-09-29,Wednesday,0,0,0,22.13,2.62,393,428,369,19.42,167.63,8,66.7,Bakery,15.79
2027-09-30,Thursday,0,0,0,26.73,0.99,381,479,388,18.31,183.65,9,80.9,Fast_Food,14.99
2027-10-01,Friday,0,0,0,27.29,11.44,302,316,277,12.76,208.37,7,50.8,Fast_Food,10.33
2027-10-02,Saturday,1,0,0,34.58,17.17,371,404,342,14.87,220.03,7,66.9,Continental,13.6
2027-10-03,Sunday,1,0,0,29.62,2.48,418,519,438,15.33,161.16,10,79.2,Fast_Food,15.73
2027-10-04,Monday,0,0,0,27.37,2.6,280,348,294,12.77,214.77,6,39.5,Bakery,13.23
2027-10-05,Tuesday,0,0,0,26.85,1.23,378,478,353,16.23,121.13,7,61.3,Bakery,15.64
2027-10-06,Wednesday,0,0,0,31.97,17.6,314,313,302,16.77,210.5,7,54.1,Continental,9.3
2027-10-07,Thursday,0,0,0,24.34,8.56,387,440,367,17.57,133.06,10,72.2,Fast_Food,14.37
2027-10-08,Friday,0,0,0,26.37,0.0,301,390,317,13.45,195.63,5,45.0,Fast_Food,11.44
2027-10-09,Saturday,1,0,0,22.1,22.35,406,467,333,14.8,219.52,11,61.2,Fast_Food,16.64
2027-10-10,Sunday,1,1,0,33.39,0.0,429,431,406,13.3,211.05,9,82.6,Fast_Food,12.28
2027-10-11,Monday,0,0,0,28.77,15.89,319,384,284,13.83,122.63,5,57.9,Indian,15.35
2027-10-12,Tuesday,0,0,0,23.82,10.42,340,365,319,17.67,164.35,8,51.3,Fast_Food,11.92
2027-10-13,Wednesday,0,0,0,26.48,2.5,368,412,348,12.37,205.09,9,69.4,Chinese,13.07
2027-10-14,Thursday,0,0,0,29.29,2.36,311,330,302,10.32,204.09,7,62.4,Indian,10.38
2027-10-15,Friday,0,0,0,25.87,1.48,286,312,252,14.08,189.66,7,52.2,Indian,9.93
2027-10-16,Saturday,1,0,0,24.59,0.0,359,337,337,14.03,102.94,10,61.3,Indian,10.88
2027-10-17,Sunday,1,0,0,24.06,20.71,430,500,391,15.89,221.93,10,68.9,Continental,17.0
2027-10-18,Monday,0,0,0,28.53,2.19,344,457,325,13.68,228.17,11,51.5,Indian,14.91
2027-10-19,Tuesday,0,0,0,25.39,0.0,367,475,428,14.85,185.73,9,56.2,Fast_Food,11.47
2027-10-20,Wednesday,0,0,0,24.96,19.52,320,379,314,15.76,188.0,7,51.4,Bakery,13.89
2027-10-21,Thursday,0,0,0,20.99,5.25,280,310,280,15.34,197.61,7,45.7,Indian,11.2
2027-10-22,Friday,0,0,0,27.35,5.74,248,277,209,10.33,231.12,5,38.8,Indian,12.28
2027-10-23,Saturday,1,0,0,26.18,23.88,510,626,538,18.67,188.77,12,83.6,Indian,18.23
2027-10-24,Sunday,1,1,0,25.55,6.94,403,395,392,16.93,173.31,10,76.3,Fast_Food,10.8
2027-10-25,Monday,0,0,1,27.89,0.0,380,456,390,11.7,193.35,8,61.0,Indian,12.03
2027-10-26,Tuesday,0,1,0,30.37,6.92,315,335,295,13.75,179.61,6,57.2,Indian,12.71
2027-10-27,Wednesday,0,0,1,30.16,0.0,325,476,326,14.61,180.01,9,63.3,Indian,19.3
2027-10-28,Thursday,0,0,1,29.49,0.05,347,458,289,17.56,118.19,9,66.8,Indian,20.11
2027-10-29,Friday,0,0,0,25.92,4.16,391,423,378,18.97,198.3,7,69.8,Fast_Food,13.95
2027-10-30,Saturday,1,0,0,24.45,9.81,433,535,421,15.61,221.0,10,77.4,Fast_Food,15.48
2027-10-31,Sunday,1,0,0,22.3,0.0,383,466,373,11.6,215.71,10,67.8,Chinese,13.82
2027-11-01,Monday,0,0,0,24.33,1.33,287,329,229,14.35,213.28,7,51.2,Chinese,12.95
2027-11-02,Tuesday,0,1,0,27.09,1.28,287,332,287,11.05,178.14,6,47.6,Continental,12.74
2027-11-03,Wednesday,0,0,0,23.46,11.88,319,408,290,15.18,185.1,8,60.0,Bakery,14.78
2027-11-04,Thursday,0,0,0,27.43,2.35,402,451,411,13.64,221.7,9,64.5,Fast_Food,14.26
2027-11-05,Friday,0,0,0,22.66,22.07,323,342,303,15.01,210.36,8,56.4,Fast_Food,11.6
2027-11-06,Saturday,1,0,1,19.53,0.04,413,531,424,12.78,232.02,8,71.8,Bakery,18.07
2027-11-07,Sunday,1,0,0,30.69,0.0,408,457,354,12.95,156.45,5,73.1,Chinese,14.78
2027-11-08,Monday,0,0,0,24.87,15.6,339,361,327,12.3,156.24,7,60.6,Indian,13.2
2027-11-09,Tuesday,0,0,0,23.23,6.17,285,335,303,14.52,168.36,7,58.1,Fast_Food,11.99
2027-11-10,Wednesday,0,0,0,22.08,15.01,344,447,314,12.55,146.99,7,71.2,Indian,16.07
2027-11-11,Thursday,0,0,0,28.9,0.0,372,367,335,15.93,133.75,9,68.6,Chinese,12.42
2027-11-12,Friday,0,0,0,33.19,2.21,335,358,286,13.25,196.4,9,49.7,Fast_Food,14.14
2027-11-13,Saturday,1,0,0,25.19,4.15,382,455,354,13.32,194.02,8,67.3,Continental,15.78
2027-11-14,Sunday,1,0,0,26.03,3.65,391,461,390,14.28,188.62,8,70.3,Chinese,12.98
2027-11-15,Monday,0,0,0,31.82,1.41,272,305,206,14.62,192.38,5,40.9,Continental,14.39
2027-11-16,Tuesday,0,0,0,18.85,3.51,325,378,269,12.73,128.77,6,63.8,Indian,13.97
2027-11-17,Wednesday,0,0,0,35.85,3.87,341,344,290,15.59,163.2,6,61.6,Indian,13.31
2027-11-18,Thursday,0,0,0,38.0,0.0,299,334,291,14.06,169.73,7,60.2,Chinese,10.8
2027-11-19,Friday,0,0,0,16.0,11.35,398,420,327,15.04,181.7,9,73.5,Indian,15.94
2027-11-20,Saturday,1,0,1,26.56,19.75,483,620,479,14.85,128.91,10,78.4,Bakery,18.94
2027-11-21,Sunday,1,0,0,23.76,7.74,347,306,306,16.66,147.53,7,69.5,Chinese,9.61
2027-11-22,Monday,0,0,1,25.81,4.99,313,441,325,13.59,164.72,6,52.6,Bakery,16.02
2027-11-23,Tuesday,0,0,0,25.12,1.86,296,364,288,12.77,217.04,8,61.6,Bakery,12.58
2027-11-24,Wednesday,0,0,1,30.65,4.09,430,561,412,14.6,189.17,10,83.9,Chinese,18.33
2027-11-25,Thursday,0,0,0,26.49,4.83,361,340,340,14.27,215.75,9,62.0,Chinese,9.51
2027-11-26,Friday,0,0,0,22.9,0.0,387,455,377,16.63,175.71,6,73.8,Bakery,15.33
2027-11-27,Saturday,1,0,0,26.23,10.72,410,518,358,15.57,180.03,10,79.7,Indian,19.72
2027-11-28,Sunday,1,0,0,29.32,0.3,403,456,395,12.9,197.47,8,70.1,Continental,11.26
2027-11-29,Monday,0,0,0,21.67,16.45,286,385,289,12.25,173.8,6,50.8,Indian,13.45
2027-11-30,Tuesday,0,0,0,19.59,30.83,342,348,308,11.47,158.13,9,55.9,Fast_Food,13.32
2027-12-01,Wednesday,0,0,0,35.97,4.36,323,321,276,15.0,127.86,7,58.3,Fast_Food,12.34
2027-12-02,Thursday,0,0,0,24.11,5.26,322,376,284,15.99,159.07,8,57.9,Continental,15.27
2027-12-03,Friday,0,0,0,26.38,0.17,387,394,352,15.17,209.27,8,63.7,Chinese,13.16
2027-12-04,Saturday,1,0,0,25.21,3.93,406,498,375,14.97,224.12,9,56.5,Continental,16.08
2027-12-05,Sunday,1,0,0,29.47,0.0,457,505,411,15.02,152.94,9,82.4,Continental,16.51
2027-12-06,Monday,0,0,0,34.98,12.44,274,313,241,16.78,119.32,6,47.7,Continental,14.43
2027-12-07,Tuesday,0,0,0,29.61,0.23,424,506,420,16.56,212.43,10,65.9,Bakery,15.54
2027-12-08,Wednesday,0,0,1,20.17,1.85,362,415,347,17.02,182.43,9,60.3,Indian,15.44
2027-12-09,Thursday,0,0,0,20.77,0.0,355,420,322,15.05,132.85,7,64.9,Indian,14.83
2027-12-10,Friday,0,0,0,25.2,3.55,360,374,327,13.56,90.0,7,60.4,Indian,11.36
2027-12-11,Saturday,1,0,0,25.79,20.73,393,492,393,15.13,146.28,8,70.0,Fast_Food,16.25
2027-12-12,Sunday,1,0,0,19.25,9.16,439,549,427,18.41,163.8,10,63.8,Bakery,16.36
2027-12-13,Monday,0,0,0,30.69,0.0,360,378,345,19.18,139.69,7,50.4,Chinese,11.84
2027-12-14,Tuesday,0,0,1,22.11,6.2,350,426,366,19.51,204.22,6,59.8,Chinese,16.41
2027-12-15,Wednesday,0,0,0,33.72,6.51,305,321,282,16.85,151.56,6,58.7,Bakery,12.52
2027-12-16,Thursday,0,0,0,35.19,7.95,332,334,334,12.92,180.43,7,61.2,Indian,9.79
2027-12-17,Friday,0,0,0,25.88,8.83,326,418,332,10.87,263.07,7,66.9,Bakery,11.75
2027-12-18,Saturday,1,0,0,28.98,0.0,459,577,418,15.96,184.11,11,85.1,Bakery,18.96
2027-12-19,Sunday,1,0,0,21.46,0.0,435,455,428,11.99,175.96,11,71.3,Fast_Food,10.96
2027-12-20,Monday,0,0,0,29.81,5.68,328,387,321,16.03,176.75,7,54.6,Chinese,13.86
2027-12-21,Tuesday,0,0,0,24.76,0.0,351,470,318,13.27,203.42,6,52.9,Continental,16.72
2027-12-22,Wednesday,0,0,1,22.11,0.0,303,366,264,19.03,199.08,7,46.9,Indian,15.2
2027-12-23,Thursday,0,0,0,25.7,0.66,308,332,295,16.63,144.88,7,52.4,Indian,10.51
2027-12-24,Friday,0,0,0,24.9,2.5,340,386,355,16.52,165.61,7,67.1,Indian,11.61
2027-12-25,Saturday,1,0,0,25.54,0.0,449,550,464,20.05,156.64,11,76.7,Indian,16.49
2027-12-26,Sunday,1,1,0,31.27,5.27,392,448,368,16.33,170.11,9,63.0,Bakery,14.48
2027-12-27,Monday,0,0,0,23.47,0.0,381,451,365,14.54,243.93,9,57.2,Continental,14.1
2027-12-28,Tuesday,0,0,0,34.81,0.2,360,397,397,13.05,201.61,8,56.7,Chinese,10.94
2027-12-29,Wednesday,0,0,0,21.04,0.49,313,392,313,10.67,177.21,8,57.4,Continental,14.16
2027-12-30,Thursday,0,0,0,34.27,0.0,325,353,327,12.02,223.56,7,67.4,Continental,11.48
2027-12-31,Friday,0,0,0,22.43,25.52,344,440,384,11.5,186.6,7,62.3,Indian,12.83
2028-01-01,Saturday,1,0,0,27.0,0.4,394,479,363,10.1,122.67,9,69.5,Indian,14.69
2028-01-02,Sunday,1,0,0,24.79,4.99,464,493,399,12.47,238.24,9,76.4,Continental,16.56
2028-01-03,Monday,0,1,0,25.45,0.0,266,293,239,14.73,174.53,6,46.2,Fast_Food,11.67
2028-01-04,Tuesday,0,0,1,30.61,0.0,386,389,377,12.31,101.04,9,75.8,Indian,13.71
2028-01-05,Wednesday,0,0,0,33.75,0.0,356,422,345,12.32,124.01,8,56.6,Fast_Food,14.09
2028-01-06,Thursday,0,1,1,32.36,0.0,339,433,351,16.56,219.47,7,67.8,Continental,17.58
2028-01-07,Friday,0,0,0,25.18,0.0,311,363,319,12.31,124.58,9,50.9,Continental,11.23
2028-01-08,Saturday,1,0,0,27.83,0.0,407,476,389,17.32,227.22,10,60.2,Indian,15.05
2028-01-09,Sunday,1,0,0,23.48,0.0,438,558,431,14.35,182.84,10,75.6,Continental,15.71
2028-01-10,Monday,0,0,0,22.54,26.91,313,405,234,15.43,204.99,7,47.5,Chinese,18.42
2028-01-11,Tuesday,0,0,0,21.84,1.52,293,349,303,18.81,171.01,8,46.7,Indian,12.44
2028-01-12,Wednesday,0,0,0,25.03,0.0,370,464,350,19.5,198.32,8,51.8,Bakery,15.1
2028-01-13,Thursday,0,0,0,28.12,0.0,344,410,364,18.18,191.08,7,51.1,Chinese,15.19
2028-01-14,Friday,0,0,0,18.4,0.0,365,378,318,14.2,178.65,8,67.6,Indian,13.69
2028-01-15,Saturday,1,0,0,26.79,2.52,437,524,416,12.39,142.71,10,86.2,Chinese,14.91
2028-01-16,Sunday,1,0,0,33.82,11.0,486,521,461,12.61,192.55,11,71.8,Indian,16.9
2028-01-17,Monday,0,0,0,32.05,4.25,369,442,357,17.55,116.4,9,60.1,Bakery,14.59
2028-01-18,Tuesday,0,1,0,24.37,0.0,280,303,279,15.07,212.6,5,47.3,Indian,12.18
2028-01-19,Wednesday,0,0,0,20.71,2.51,346,404,341,14.78,186.89,6,62.2,Continental,13.62
2028-01-20,Thursday,0,0,1,29.07,14.86,355,395,343,12.11,196.25,7,57.1,Fast_Food,13.71
2028-01-21,Friday,0,0,0,16.57,0.63,314,339,308,10.53,90.0,8,52.5,Indian,10.24
2028-01-22,Saturday,1,0,0,32.0,4.27,361,419,353,12.17,140.6,7,63.8,Chinese,14.5
2028-01-23,Sunday,1,0,0,26.04,0.81,400,433,430,12.55,162.3,7,84.0,Continental,11.92
2028-01-24,Monday,0,0,0,35.24,5.93,349,381,316,12.13,203.58,8,66.4,Bakery,12.97
2028-01-25,Tuesday,0,0,0,19.23,0.0,328,411,309,9.99,147.0,7,57.3,Continental,12.07
2028-01-26,Wednesday,0,0,0,31.13,0.0,292,303,270,12.56,269.18,5,45.5,Indian,11.16
2028-01-27,Thursday,0,0,0,26.55,0.96,277,273,254,16.45,170.78,6,41.9,Chinese,9.26
2028-01-28,Friday,0,0,0,25.51,0.11,404,451,399,12.76,144.44,9,58.9,Chinese,13.34
2028-01-29,Saturday,1,0,1,20.84,1.93,466,527,499,15.34,173.46,12,82.8,Chinese,14.07
2028-01-30,Sunday,1,1,0,29.68,0.26,356,452,334,6.62,146.72,8,56.3,Bakery,14.36
2028-01-31,Monday,0,0,1,30.04,0.18,391,495,355,9.63,138.55,9,65.6,Indian,17.48
2028-02-01,Tuesday,0,0,0,35.03,11.1,407,456,396,8.81,215.38,9,70.6,Chinese,14.06
2028-02-02,Wednesday,0,0,0,31.54,0.0,352,474,301,14.4,197.96,7,74.1,Continental,16.75
2028-02-03,Thursday,0,0,0,24.33,2.55,232,257,206,17.49,198.07,5,43.7,Indian,12.55
2028-02-04,Friday,0,0,0,22.48,0.0,423,510,421,13.21,224.69,10,59.0,Continental,15.6
2028-02-05,Saturday,1,1,0,20.84,7.74,320,388,307,14.65,197.03,8,54.6,Indian,14.52
2028-02-06,Sunday,1,1,0,33.63,4.06,378,468,369,17.21,142.64,7,67.1,Fast_Food,15.64
2028-02-07,Monday,0,0,1,23.5,26.44,335,409,302,18.92,204.8,6,72.6,Indian,18.95
2028-02-08,Tuesday,0,0,0,33.66,0.0,304,351,317,15.9,140.57,6,54.7,Continental,11.56
2028-02-09,Wednesday,0,0,0,29.36,19.46,340,410,369,9.71,163.27,9,58.6,Continental,11.78
2028-02-10,Thursday,0,1,0,28.48,0.0,233,263,245,9.88,178.4,5,44.5,Chinese,9.51
2028-02-11,Friday,0,0,0,25.62,0.59,327,320,298,13.35,174.85,8,52.9,Chinese,12.37
2028-02-12,Saturday,1,0,0,29.97,0.0,450,481,444,17.89,117.31,10,71.1,Continental,12.66
2028-02-13,Sunday,1,0,0,26.93,26.13,380,474,369,15.37,146.13,9,61.2,Fast_Food,16.5
2028-02-14,Monday,0,0,0,25.34,5.17,281,350,289,13.84,179.21,6,61.0,Chinese,11.95
2028-02-15,Tuesday,0,0,0,30.13,5.26,325,348,335,19.24,158.63,8,53.9,Continental,11.8
2028-02-16,Wednesday,0,1,0,26.35,0.0,293,329,270,16.71,219.42,7,55.3,Continental,12.18
2028-02-17,Thursday,0,1,0,23.41,0.42,284,302,302,12.52,225.41,5,56.4,Chinese,7.92
2028-02-18,Friday,0,0,0,29.7,0.0,288,294,272,12.37,140.79,5,38.0,Fast_Food,10.1
2028-02-19,Saturday,1,0,0,26.71,0.7,428,536,387,15.03,182.09,8,70.8,Indian,16.83
2028-02-20,Sunday,1,0,0,29.2,2.56,431,421,417,15.4,235.4,11,62.3,Continental,13.11
2028-02-21,Monday,0,0,0,24.96,5.73,293,377,281,15.72,175.3,8,54.6,Bakery,13.25
2028-02-22,Tuesday,0,0,1,21.56,0.0,343,450,338,11.7,165.76,9,77.2,Continental,17.41
2028-02-23,Wednesday,0,0,0,34.81,0.0,335,387,286,10.45,210.11,7,51.6,Continental,13.85
2028-02-24,Thursday,0,0,0,33.96,11.66,296,325,255,11.3,170.4,5,60.6,Fast_Food,11.68
2028-02-25,Friday,0,0,0,30.98,11.41,336,453,350,12.3,224.48,6,67.3,Chinese,13.77
2028-02-26,Saturday,1,0,0,25.25,4.74,461,596,474,14.51,159.18,9,83.8,Chinese,17.54
2028-02-27,Sunday,1,0,0,25.65,0.62,408,460,435,16.39,163.39,9,71.1,Indian,13.22
2028-02-28,Monday,0,0,0,33.22,12.47,288,390,333,20.1,207.66,8,59.6,Indian,13.41
2028-02-29,Tuesday,0,0,1,25.41,3.82,389,441,386,15.11,183.52,10,55.0,Indian,15.89
2028-03-01,Wednesday,0,0,0,24.15,11.72,324,352,330,13.77,183.79,7,55.4,Fast_Food,10.78
2028-03-02,Thursday,0,0,0,35.43,5.1,325,378,365,11.9,113.17,5,52.2,Chinese,8.96
2028-03-03,Friday,0,0,0,26.79,0.0,347,390,330,14.88,167.63,7,61.3,Bakery,13.35
2028-03-04,Saturday,1,0,0,34.96,0.2,434,440,419,16.91,210.24,11,74.7,Indian,12.58
2028-03-05,Sunday,1,0,0,20.71,8.99,411,506,413,13.88,152.57,9,60.3,Indian,12.82
2028-03-06,Monday,0,0,0,29.33,0.0,328,359,338,18.91,204.52,7,50.4,Continental,11.77
2028-03-07,Tuesday,0,0,0,36.32,15.15,402,428,380,14.2,189.38,9,64.9,Indian,12.08
2028-03-08,Wednesday,0,0,0,27.13,8.01,372,455,340,16.23,173.01,8,65.3,Continental,15.45
2028-03-09,Thursday,0,0,0,25.81,13.79,359,377,366,18.88,227.52,7,66.1,Indian,11.95
2028-03-10,Friday,0,0,0,21.75,0.31,335,399,302,12.63,168.11,10,62.7,Indian,14.09
2028-03-11,Saturday,1,0,0,31.87,0.0,375,461,378,15.12,170.54,10,59.1,Continental,14.05
2028-03-12,Sunday,1,0,0,23.53,0.0,449,472,408,8.81,172.61,9,80.0,Continental,14.18
2028-03-13,Monday,0,0,0,26.57,5.87,335,394,376,13.54,182.82,6,56.4,Indian,10.89
2028-03-14,Tuesday,0,0,0,21.44,0.0,310,372,261,10.89,206.84,7,64.4,Indian,13.75
2028-03-15,Wednesday,0,0,0,34.01,0.0,321,353,310,14.48,128.46,7,51.2,Indian,12.1
2028-03-16,Thursday,0,0,0,32.2,0.0,296,370,287,15.69,210.38,7,60.0,Indian,14.95
2028-03-17,Friday,0,0,0,26.86,3.56,367,449,353,17.52,182.38,9,60.4,Bakery,13.29
2028-03-18,Saturday,1,0,0,21.81,0.0,434,487,434,18.0,199.39,8,66.7,Fast_Food,15.13
2028-03-19,Sunday,1,0,0,33.91,11.44,416,438,438,15.86,263.71,11,62.6,Indian,11.29
2028-03-20,Monday,0,0,0,25.35,14.0,329,316,303,13.3,162.09,7,50.7,Chinese,9.94
2028-03-21,Tuesday,0,0,1,22.03,5.25,351,414,355,12.98,137.14,8,59.0,Indian,14.28
2028-03-22,Wednesday,0,0,0,19.07,0.0,255,304,252,11.09,186.78,5,42.0,Indian,10.01
2028-03-23,Thursday,0,0,0,24.09,9.49,281,356,271,12.15,192.33,7,43.1,Bakery,12.08
2028-03-24,Friday,0,0,0,20.45,5.53,304,344,267,12.85,210.51,5,59.3,Indian,13.97
2028-03-25,Saturday,1,0,0,24.2,3.25,379,494,383,11.97,161.16,9,62.3,Bakery,15.37
2028-03-26,Sunday,1,0,0,30.35,1.51,420,511,413,9.89,150.95,9,71.9,Fast_Food,12.46
2028-03-27,Monday,0,0,0,25.31,0.0,358,374,334,9.82,126.35,8,65.9,Fast_Food,11.54
2028-03-28,Tuesday,0,0,0,28.6,29.95,326,372,317,4.97,132.14,8,41.5,Continental,12.72
2028-03-29,Wednesday,0,0,0,23.74,0.0,379,450,345,9.22,165.44,8,74.6,Indian,12.95
2028-03-30,Thursday,0,0,0,27.29,19.67,303,342,308,13.2,175.92,6,54.9,Fast_Food,11.45
2028-03-31,Friday,0,0,0,35.64,7.19,325,435,346,7.45,252.28,7,52.6,Fast_Food,13.31
2028-04-01,Saturday,1,0,0,25.43,0.0,408,449,398,11.94,120.76,9,71.4,Continental,11.54
2028-04-02,Sunday,1,0,0,28.73,0.0,448,478,478,12.72,191.74,9,68.0,Indian,11.52
2028-04-03,Monday,0,1,0,19.96,0.0,309,423,313,10.13,154.59,7,55.9,Indian,14.01
2028-04-04,Tuesday,0,0,0,33.84,2.42,335,350,327,11.93,187.8,8,58.2,Indian,11.49
2028-04-05,Wednesday,0,0,0,24.85,0.0,272,330,274,14.96,160.64,7,47.5,Indian,11.04
2028-04-06,Thursday,0,0,0,31.73,12.18,299,405,269,12.26,216.24,6,58.6,Continental,17.3
2028-04-07,Friday,0,0,0,26.45,3.92,368,393,322,14.32,216.02,7,68.3,Fast_Food,13.11
2028-04-08,Saturday,1,0,0,29.75,2.04,337,437,307,15.06,176.04,7,66.2,Continental,15.95
2028-04-09,Sunday,1,0,0,30.02,2.78,457,588,427,13.53,230.37,10,86.7,Continental,18.43
2028-04-10,Monday,0,0,0,24.96,4.2,347,392,363,17.24,206.6,7,67.8,Fast_Food,12.59
2028-04-11,Tuesday,0,0,0,31.91,0.51,304,394,245,15.99,228.74,6,51.8,Continental,16.45
2028-04-12,Wednesday,0,0,0,23.58,1.11,301,375,274,15.43,178.49,7,53.3,Chinese,15.33
2028-04-13,Thursday,0,0,0,30.5,21.72,396,405,350,20.36,213.31,8,74.8,Fast_Food,14.96
2028-04-14,Friday,0,0,0,25.24,10.87,379,410,363,19.05,153.11,8,69.8,Chinese,12.39
2028-04-15,Saturday,1,0,1,28.57,6.78,451,529,410,12.43,149.56,10,73.0,Bakery,18.53
2028-04-16,Sunday,1,0,0,24.92,0.0,415,503,399,13.16,256.29,9,78.4,Indian,15.58
2028-04-17,Monday,0,0,0,27.22,0.0,307,350,311,19.6,141.99,8,60.1,Continental,11.39
2028-04-18,Tuesday,0,0,0,22.16,5.73,335,392,334,14.13,164.74,6,48.7,Continental,13.18
2028-04-19,Wednesday,0,0,0,28.11,2.76,306,339,292,14.2,113.57,5,42.0,Chinese,12.34
2028-04-20,Thursday,0,0,0,27.2,1.0,327,423,316,16.66,150.39,7,54.6,Chinese,16.24
2028-04-21,Friday,0,0,0,24.57,1.78,393,379,379,17.22,145.2,8,61.0,Indian,12.46
2028-04-22,Saturday,1,0,0,26.75,0.0,407,408,394,16.5,156.54,6,72.3,Fast_Food,13.9
2028-04-23,Sunday,1,0,0,27.6,0.0,373,444,371,16.22,190.5,10,66.4,Chinese,14.03
2028-04-24,Monday,0,0,0,24.23,10.9,282,329,272,15.23,198.94,7,45.5,Chinese,12.93
2028-04-25,Tuesday,0,0,0,26.42,9.17,334,402,367,12.79,144.76,8,52.2,Fast_Food,10.63
2028-04-26,Wednesday,0,0,0,22.48,15.85,303,337,252,14.13,152.36,6,46.6,Continental,16.24
2028-04-27,Thursday,0,0,1,37.56,5.55,384,478,357,13.49,217.92,9,68.5,Fast_Food,16.81
2028-04-28,Friday,0,0,0,31.77,5.14,273,289,266,13.47,239.69,6,51.2,Indian,12.38
2028-04-29,Saturday,1,1,0,28.23,0.0,409,400,384,16.6,223.96,10,77.8,Indian,14.58
2028-04-30,Sunday,1,0,0,32.27,0.0,373,481,357,13.82,122.38,8,62.4,Indian,15.39
2028-05-01,Monday,0,1,0,18.09,0.15,307,333,300,18.46,221.63,7,53.8,Bakery,13.63
2028-05-02,Tuesday,0,0,0,16.0,0.0,318,348,323,16.27,244.88,7,55.4,Fast_Food,11.33
2028-05-03,Wednesday,0,1,0,25.2,0.0,365,420,346,14.27,120.64,10,73.0,Fast_Food,13.57
2028-05-04,Thursday,0,1,0,20.8,2.74,311,314,301,10.31,217.89,7,60.5,Continental,10.63
2028-05-05,Friday,0,0,1,25.94,0.0,443,497,428,16.46,187.88,9,78.8,Indian,16.97
2028-05-06,Saturday,1,0,0,27.93,3.29,430,497,430,15.22,168.55,10,73.5,Chinese,14.74
2028-05-07,Sunday,1,1,0,31.14,10.85,435,500,430,9.66,183.72,10,79.5,Continental,16.59
2028-05-08,Monday,0,0,0,21.88,3.24,323,379,329,14.36,195.51,7,58.6,Indian,12.9
2028-05-09,Tuesday,0,1,0,28.8,5.23,317,350,336,13.95,220.52,7,56.1,Continental,10.93
2028-05-10,Wednesday,0,0,0,27.06,0.0,373,376,348,11.4,218.71,7,60.0,Fast_Food,11.57
2028-05-11,Thursday,0,0,0,28.56,10.63,362,441,365,14.51,127.26,8,67.6,Chinese,12.36
2028-05-12,Friday,0,0,0,24.66,0.0,349,412,301,8.84,157.3,7,58.2,Fast_Food,13.39
2028-05-13,Saturday,1,0,0,33.22,0.0,399,407,386,10.74,183.27,9,60.2,Continental,11.32
2028-05-14,Sunday,1,0,0,26.53,0.0,404,475,404,11.43,235.03,8,58.9,Indian,14.29
2028-05-15,Monday,0,0,0,34.98,0.0,370,477,369,14.87,90.0,9,64.6,Indian,17.43
2028-05-16,Tuesday,0,0,0,23.44,2.9,377,438,391,19.92,158.62,10,60.0,Continental,14.34
2028-05-17,Wednesday,0,0,1,30.34,5.95,354,453,367,15.99,126.52,7,64.2,Fast_Food,15.74
2028-05-18,Thursday,0,0,0,26.73,16.27,304,333,320,16.24,132.07,7,44.0,Chinese,10.36
2028-05-19,Friday,0,0,0,25.53,3.83,298,414,284,20.51,214.5,6,48.6,Indian,17.6
2028-05-20,Saturday,1,0,0,29.85,0.0,439,495,381,17.8,161.38,10,93.4,Indian,16.99
2028-05-21,Sunday,1,0,0,25.65,0.0,377,406,384,17.41,98.32,8,73.1,Fast_Food,11.16
2028-05-22,Monday,0,0,1,16.0,0.0,404,479,393,12.38,174.45,9,73.8,Chinese,17.0
2028-05-23,Tuesday,0,0,0,16.0,0.22,349,384,358,17.91,251.26,8,55.7,Continental,13.56
2028-05-24,Wednesday,0,0,1,32.73,1.96,356,444,366,13.8,116.77,8,67.9,Indian,14.81
2028-05-25,Thursday,0,1,0,32.54,5.58,360,404,331,14.74,198.65,10,58.0,Fast_Food,12.79
2028-05-26,Friday,0,0,0,35.49,7.96,279,340,259,15.04,234.87,5,55.1,Chinese,13.37
2028-05-27,Saturday,1,0,0,26.92,5.31,468,455,442,14.93,178.27,11,84.9,Indian,11.47
2028-05-28,Sunday,1,0,0,21.18,0.0,421,462,364,12.92,247.48,10,70.0,Continental,14.31
2028-05-29,Monday,0,0,0,25.11,0.0,257,283,243,14.52,156.91,6,40.2,Fast_Food,9.46
2028-05-30,Tuesday,0,0,0,27.05,7.23,386,398,320,17.88,230.61,8,68.4,Bakery,16.1
2028-05-31,Wednesday,0,1,0,22.47,0.0,339,427,315,21.0,222.35,9,55.3,Bakery,17.64
2028-06-01,Thursday,0,0,0,34.42,24.59,315,403,306,17.41,178.86,5,46.9,Chinese,18.07
2028-06-02,Friday,0,0,1,37.08,0.0,341,469,292,15.01,127.95,6,60.1,Continental,19.93
2028-06-03,Saturday,1,0,0,29.15,12.36,355,442,333,14.1,144.94,9,66.9,Continental,17.34
2028-06-04,Sunday,1,0,0,26.95,0.0,495,581,499,20.56,97.95,10,84.4,Continental,17.66
2028-06-05,Monday,0,0,0,21.17,6.15,298,346,308,17.52,200.8,6,54.0,Indian,11.6
2028-06-06,Tuesday,0,0,0,33.96,0.0,286,278,267,17.79,196.6,6,55.8,Fast_Food,10.14
2028-06-07,Wednesday,0,0,0,27.34,2.29,339,394,349,16.67,182.77,7,58.1,Bakery,12.06
2028-06-08,Thursday,0,1,0,25.7,4.21,248,326,249,19.9,175.71,6,53.0,Indian,14.64
2028-06-09,Friday,0,0,0,29.17,0.0,296,343,277,16.33,227.52,7,36.8,Chinese,13.82
2028-06-10,Saturday,1,0,0,24.36,0.0,445,501,425,12.71,190.42,10,89.4,Indian,14.18
2028-06-11,Sunday,1,1,0,27.66,0.02,401,481,395,17.72,160.59,10,78.5,Chinese,16.77
2028-06-12,Monday,0,0,0,20.51,0.85,316,391,326,17.99,185.15,6,47.6,Continental,15.06
2028-06-13,Tuesday,0,0,0,31.89,5.59,331,384,341,16.88,251.66,7,61.7,Chinese,14.06
2028-06-14,Wednesday,0,0,0,26.53,4.77,315,289,289,18.49,201.78,8,65.3,Chinese,9.43
2028-06-15,Thursday,0,0,1,32.21,2.92,373,446,361,16.45,166.35,9,51.7,Fast_Food,16.24
2028-06-16,Friday,0,0,0,26.09,9.13,303,395,297,18.88,178.44,8,48.2,Indian,15.99
2028-06-17,Saturday,1,0,0,26.39,4.55,390,472,368,17.21,196.22,8,81.1,Fast_Food,14.56
2028-06-18,Sunday,1,0,0,21.54,5.11,389,478,353,17.98,165.26,10,66.0,Fast_Food,15.4
2028-06-19,Monday,0,0,0,30.42,0.0,305,393,308,17.75,162.17,6,49.5,Continental,14.55
2028-06-20,Tuesday,0,0,0,23.06,10.0,367,372,332,15.29,179.6,9,64.3,Chinese,12.19
2028-06-21,Wednesday,0,0,0,24.81,8.58,357,435,334,13.91,233.17,9,71.0,Bakery,14.86
2028-06-22,Thursday,0,0,0,27.0,3.22,297,306,278,13.61,207.68,6,56.3,Chinese,10.25
2028-06-23,Friday,0,0,0,27.55,8.19,288,349,289,14.04,165.67,5,41.9,Indian,14.68
2028-06-24,Saturday,1,0,0,19.32,1.86,404,437,383,13.04,210.42,11,75.5,Indian,12.73
2028-06-25,Sunday,1,1,0,25.96,17.12,460,468,428,14.47,180.3,11,73.7,Bakery,15.23
2028-06-26,Monday,0,0,0,30.58,2.63,294,376,258,14.88,192.06,6,58.8,Indian,15.73
2028-06-27,Tuesday,0,0,0,25.3,1.67,324,389,366,15.56,188.88,7,59.5,Chinese,9.4
2028-06-28,Wednesday,0,0,0,25.99,4.61,333,382,298,14.77,106.14,5,50.4,Fast_Food,15.08
2028-06-29,Thursday,0,0,0,27.73,20.77,326,427,323,13.41,90.0,7,64.6,Continental,16.21
2028-06-30,Friday,0,0,0,26.43,0.0,314,352,276,13.66,187.93,6,51.8,Continental,13.63
2028-07-01,Saturday,1,0,0,22.36,4.12,450,533,403,10.38,150.15,10,90.9,Chinese,17.62
2028-07-02,Sunday,1,0,0,26.84,0.0,426,437,373,12.97,122.63,9,70.3,Fast_Food,13.31
2028-07-03,Monday,0,0,0,31.47,1.67,360,395,345,11.44,151.23,5,68.1,Indian,13.19
2028-07-04,Tuesday,0,0,0,22.27,0.0,351,425,315,12.97,212.36,8,64.7,Indian,13.12
2028-07-05,Wednesday,0,0,0,25.31,4.9,361,371,371,12.58,192.52,8,59.5,Indian,11.09
2028-07-06,Thursday,0,0,0,20.78,2.14,385,444,343,8.15,207.01,9,58.0,Chinese,14.19
2028-07-07,Friday,0,0,0,31.24,7.97,377,453,345,16.84,195.86,8,61.7,Indian,16.5
2028-07-08,Saturday,1,0,0,26.58,10.92,491,570,448,15.36,147.84,11,92.6,Continental,17.52
2028-07-09,Sunday,1,0,0,23.17,12.86,453,558,468,18.56,207.18,10,67.6,Indian,16.56
2028-07-10,Monday,0,0,0,27.42,0.0,307,360,311,15.27,200.5,7,65.4,Chinese,11.73
2028-07-11,Tuesday,0,0,0,21.58,4.62,360,349,331,18.2,175.89,8,58.6,Indian,10.93
2028-07-12,Wednesday,0,0,0,22.35,13.77,355,411,319,12.87,182.06,8,57.9,Chinese,14.86
2028-07-13,Thursday,0,0,0,20.43,0.0,397,469,407,14.28,207.74,11,73.2,Fast_Food,14.7
2028-07-14,Friday,0,0,0,22.2,2.76,296,297,263,11.77,153.77,6,35.4,Chinese,9.18
2028-07-15,Saturday,1,0,0,33.11,0.0,430,475,418,18.43,218.08,9,85.1,Fast_Food,14.68
2028-07-16,Sunday,1,0,0,23.7,13.6,386,454,392,15.43,199.78,10,62.3,Chinese,13.55
2028-07-17,Monday,0,0,0,29.1,5.97,348,327,312,16.51,180.08,8,48.3,Indian,11.07
2028-07-18,Tuesday,0,0,0,23.24,5.84,322,308,277,15.6,233.59,8,61.1,Chinese,11.65
2028-07-19,Wednesday,0,0,0,30.42,0.0,347,423,326,14.34,134.7,8,54.0,Chinese,14.6
2028-07-20,Thursday,0,0,0,22.38,15.34,281,307,255,15.75,163.89,6,47.7,Fast_Food,12.27
2028-07-21,Friday,0,0,0,27.18,0.64,358,363,313,17.7,156.12,9,77.6,Indian,12.16
2028-07-22,Saturday,1,0,0,27.24,0.0,417,448,383,17.04,192.53,10,70.5,Bakery,15.53
2028-07-23,Sunday,1,0,0,37.48,11.61,415,529,385,15.8,221.38,8,62.5,Fast_Food,18.02
2028-07-24,Monday,0,0,0,29.84,0.24,398,472,395,16.98,145.59,9,73.8,Chinese,15.29
2028-07-25,Tuesday,0,0,0,24.33,0.0,317,383,295,19.78,295.69,6,59.2,Bakery,15.94
2028-07-26,Wednesday,0,0,0,30.08,8.57,342,405,320,16.04,156.8,9,59.7,Indian,12.79
2028-07-27,Thursday,0,0,0,36.62,0.0,334,420,301,11.16,192.62,9,60.9,Fast_Food,15.21
2028-07-28,Friday,0,0,0,19.67,6.08,337,400,316,11.04,180.09,9,52.8,Indian,13.36
2028-07-29,Saturday,1,1,0,23.21,2.83,463,503,480,10.73,181.62,11,75.8,Continental,14.14
2028-07-30,Sunday,1,0,0,25.93,7.69,412,429,429,10.16,152.27,9,64.3,Indian,9.76
2028-07-31,Monday,0,0,0,25.12,5.14,310,330,268,9.71,217.36,7,60.1,Fast_Food,12.38
2028-08-01,Tuesday,0,0,0,25.5,3.42,395,447,401,12.06,150.11,8,78.1,Chinese,11.35
2028-08-02,Wednesday,0,0,0,21.13,0.23,319,317,310,13.52,118.09,9,54.8,Continental,10.79
2028-08-03,Thursday,0,0,0,33.32,2.18,274,313,268,13.69,140.73,7,51.7,Bakery,11.69
2028-08-04,Friday,0,0,1,20.6,5.05,349,397,309,12.09,230.59,8,59.0,Indian,15.65
2028-08-05,Saturday,1,1,0,26.1,19.42,341,389,343,15.68,223.77,9,56.1,Bakery,12.75
2028-08-06,Sunday,1,1,0,31.71,6.65,322,344,293,15.79,109.75,7,50.4,Continental,13.49
2028-08-07,Monday,0,0,0,26.86,0.0,317,371,321,18.19,208.48,6,58.3,Fast_Food,13.29
2028-08-08,Tuesday,0,0,1,22.59,10.41,373,444,362,17.65,110.63,6,59.7,Chinese,18.3
2028-08-09,Wednesday,0,0,0,20.93,0.0,371,376,376,15.16,179.05,8,66.4,Fast_Food,12.13
2028-08-10,Thursday,0,0,0,25.97,0.0,352,393,315,16.69,137.73,8,62.2,Bakery,14.68
2028-08-11,Friday,0,0,0,23.59,0.0,350,434,374,16.05,211.18,8,58.2,Chinese,13.34
2028-08-12,Saturday,1,1,0,27.92,1.89,354,450,359,16.7,199.41,8,68.0,Fast_Food,15.62
2028-08-13,Sunday,1,0,0,20.69,2.11,441,474,445,17.19,214.29,10,85.9,Bakery,15.09
2028-08-14,Monday,0,0,0,30.66,0.0,379,425,425,14.81,169.67,9,48.4,Fast_Food,10.84
2028-08-15,Tuesday,0,0,0,27.52,0.0,344,357,336,13.89,173.3,6,56.5,Bakery,11.11
2028-08-16,Wednesday,0,0,0,27.85,0.0,345,394,331,13.21,127.53,9,60.0,Fast_Food,12.13
2028-08-17,Thursday,0,0,0,33.48,6.83,286,320,284,11.83,143.93,6,35.6,Chinese,10.71
2028-08-18,Friday,0,1,0,25.03,0.71,342,391,331,8.04,213.2,8,50.1,Fast_Food,12.36
2028-08-19,Saturday,1,0,0,23.73,0.0,472,496,466,9.81,192.85,12,79.0,Fast_Food,11.03
2028-08-20,Sunday,1,0,0,24.54,2.81,421,528,393,12.21,183.65,10,77.6,Indian,16.3
2028-08-21,Monday,0,0,0,26.13,4.03,309,295,294,16.5,224.17,7,61.9,Indian,10.32
2028-08-22,Tuesday,0,1,1,26.59,4.83,344,420,359,16.19,134.5,8,63.5,Indian,15.53
2028-08-23,Wednesday,0,0,0,23.26,2.58,315,402,281,14.4,205.21,8,50.4,Fast_Food,15.5
2028-08-24,Thursday,0,0,0,17.9,1.7,317,395,355,13.44,138.73,6,47.3,Fast_Food,11.76
2028-08-25,Friday,0,0,0,24.48,12.69,353,391,374,13.13,231.73,7,66.3,Fast_Food,11.07
2028-08-26,Saturday,1,0,0,28.62,0.0,420,517,438,10.97,199.06,9,87.1,Indian,14.62
2028-08-27,Sunday,1,1,0,27.61,1.04,420,409,409,8.23,213.76,8,69.2,Indian,10.92
2028-08-28,Monday,0,0,0,32.4,0.45,343,404,345,7.3,155.44,7,51.8,Indian,7.94
2028-08-29,Tuesday,0,1,0,35.8,3.25,275,291,255,14.02,256.37,6,47.7,Fast_Food,10.58
2028-08-30,Wednesday,0,0,0,30.42,8.46,312,355,319,17.83,249.95,7,57.2,Fast_Food,12.67
2028-08-31,Thursday,0,0,0,33.22,3.06,310,328,254,17.11,195.06,7,52.4,Bakery,12.95
2028-09-01,Friday,0,0,0,30.45,22.24,323,383,353,15.46,221.13,8,50.5,Indian,13.24
2028-09-02,Saturday,1,0,0,34.69,0.0,473,498,474,11.25,169.43,11,80.5,Fast_Food,12.87
2028-09-03,Sunday,1,0,0,35.33,2.35,478,498,408,12.0,135.6,11,73.7,Continental,15.75
2028-09-04,Monday,0,0,0,31.28,0.0,359,355,355,14.82,207.85,8,55.6,Bakery,9.9
2028-09-05,Tuesday,0,0,0,30.18,0.0,334,452,319,15.5,147.82,7,59.4,Fast_Food,15.89
2028-09-06,Wednesday,0,0,0,26.08,0.22,282,309,256,17.08,225.86,6,56.4,Continental,12.63
2028-09-07,Thursday,0,1,0,26.81,0.0,313,392,303,17.99,216.68,9,66.7,Fast_Food,15.36
2028-09-08,Friday,0,0,0,25.48,2.44,302,336,242,20.44,188.23,5,54.9,Chinese,12.59
2028-09-09,Saturday,1,0,0,29.8,3.27,467,561,485,16.43,186.28,9,81.0,Fast_Food,14.45
2028-09-10,Sunday,1,0,0,23.76,0.0,354,437,349,21.48,214.63,7,71.3,Fast_Food,14.06
2028-09-11,Monday,0,0,0,26.14,0.29,343,350,313,13.28,189.61,8,64.6,Fast_Food,8.68
2028-09-12,Tuesday,0,0,0,16.4,0.0,299,384,275,11.71,165.84,7,53.0,Indian,13.61
2028-09-13,Wednesday,0,0,0,34.75,2.77,330,425,330,14.02,126.99,7,51.1,Fast_Food,12.53
2028-09-14,Thursday,0,0,1,26.01,10.8,398,497,415,15.66,213.56,10,62.0,Indian,16.59
2028-09-15,Friday,0,0,0,29.05,1.0,366,419,364,14.63,192.83,9,72.7,Fast_Food,12.12
2028-09-16,Saturday,1,0,0,33.56,20.29,408,397,359,13.15,276.45,10,64.8,Bakery,13.69
2028-09-17,Sunday,1,0,0,28.35,1.47,437,458,447,18.22,176.64,11,85.4,Indian,12.38
2028-09-18,Monday,0,0,1,33.5,2.47,352,416,336,14.14,190.57,6,60.4,Continental,14.52
2028-09-19,Tuesday,0,0,0,21.41,0.0,339,391,353,12.08,191.39,8,64.3,Continental,12.1
2028-09-20,Wednesday,0,0,1,37.79,3.44,410,530,415,16.61,202.78,8,81.0,Fast_Food,20.66
2028-09-21,Thursday,0,0,0,31.89,0.0,342,420,338,17.72,146.16,8,77.1,Indian,15.68
2028-09-22,Friday,0,0,0,27.94,0.0,311,370,321,18.37,177.3,7,54.4,Bakery,13.38
2028-09-23,Saturday,1,0,0,33.41,0.0,400,485,391,16.28,208.97,9,57.9,Bakery,15.32
2028-09-24,Sunday,1,0,0,21.74,21.35,446,474,451,12.43,168.35,9,68.0,Fast_Food,11.88
2028-09-25,Monday,0,0,0,25.7,15.21,292,391,251,13.06,207.66,8,63.4,Chinese,15.44
2028-09-26,Tuesday,0,0,1,33.5,11.36,342,416,327,11.22,183.39,6,65.9,Continental,16.52
2028-09-27,Wednesday,0,0,0,18.6,0.0,351,382,359,13.65,194.07,9,66.2,Indian,10.07
2028-09-28,Thursday,0,0,0,29.52,6.9,315,364,307,14.86,220.29,6,62.8,Fast_Food,12.56
2028-09-29,Friday,0,0,0,29.39,3.53,279,316,285,16.74,172.04,6,48.7,Indian,10.79
2028-09-30,Saturday,1,0,0,35.86,0.0,457,469,443,14.7,129.19,12,66.4,Chinese,11.08
2028-10-01,Sunday,1,0,0,19.88,0.0,372,445,368,15.57,170.68,11,65.1,Indian,13.55
2028-10-02,Monday,0,0,1,34.24,5.71,368,434,305,12.94,151.11,7,72.1,Fast_Food,18.97
2028-10-03,Tuesday,0,0,1,24.48,0.0,353,470,329,16.5,105.6,7,47.0,Continental,19.29
2028-10-04,Wednesday,0,1,0,24.99,6.03,295,356,228,17.6,176.27,6,55.3,Fast_Food,12.83
2028-10-05,Thursday,0,0,0,21.5,1.74,299,257,257,14.7,186.97,9,49.2,Indian,9.12
2028-10-06,Friday,0,0,0,22.1,29.02,355,347,347,14.78,215.73,8,64.7,Chinese,12.14
2028-10-07,Saturday,1,0,0,28.82,5.51,414,458,421,16.05,140.12,10,73.4,Chinese,12.79
2028-10-08,Sunday,1,1,0,21.99,0.0,419,499,418,14.84,183.1,10,77.5,Continental,16.37
2028-10-09,Monday,0,0,0,30.33,0.0,309,320,320,12.84,219.48,6,46.0,Indian,9.22
2028-10-10,Tuesday,0,0,1,24.02,0.0,450,590,431,13.17,159.89,8,75.4,Continental,20.71
2028-10-11,Wednesday,0,0,0,21.54,0.0,263,289,271,16.05,198.77,5,40.8,Chinese,10.19
2028-10-12,Thursday,0,0,0,24.62,2.4,275,289,248,12.61,235.92,8,39.9,Bakery,10.25
2028-10-13,Friday,0,0,0,28.52,0.63,391,439,370,10.95,114.82,9,61.6,Chinese,13.72
2028-10-14,Saturday,1,0,0,25.75,0.0,427,505,449,13.9,189.54,11,80.2,Indian,15.19
2028-10-15,Sunday,1,0,0,27.15,0.0,422,546,406,15.74,220.7,8,83.1,Indian,18.12
2028-10-16,Monday,0,1,0,30.13,7.58,320,351,301,20.49,167.73,7,60.3,Indian,14.44
2028-10-17,Tuesday,0,0,0,31.87,18.89,350,384,366,18.29,228.54,9,67.0,Indian,11.74
2028-10-18,Wednesday,0,0,0,25.6,16.83,340,374,341,12.78,202.2,6,67.9,Fast_Food,12.4
2028-10-19,Thursday,0,0,0,22.3,3.05,296,353,276,17.64,241.93,7,49.2,Fast_Food,12.79
2028-10-20,Friday,0,0,0,27.34,0.0,359,398,331,18.18,200.39,7,72.7,Indian,14.7
2028-10-21,Saturday,1,0,0,29.12,3.35,433,490,418,11.57,244.84,10,75.4,Fast_Food,14.47
2028-10-22,Sunday,1,0,1,20.43,2.16,505,576,493,10.81,190.5,12,91.3,Indian,18.1
2028-10-23,Monday,0,0,0,22.99,3.29,392,437,392,11.78,132.13,9,65.4,Fast_Food,12.97
2028-10-24,Tuesday,0,0,1,23.76,9.01,387,406,377,14.68,157.91,9,56.3,Indian,15.18
2028-10-25,Wednesday,0,0,0,26.06,5.07,287,353,258,8.72,215.64,6,55.3,Chinese,11.53
2028-10-26,Thursday,0,0,0,23.58,1.27,392,497,415,11.8,214.95,10,84.8,Fast_Food,12.7
2028-10-27,Friday,0,0,0,30.18,9.72,294,326,278,15.01,169.13,6,54.4,Indian,10.95
2028-10-28,Saturday,1,0,0,19.78,0.0,422,490,429,8.1,243.15,10,68.4,Indian,11.33
2028-10-29,Sunday,1,0,0,19.89,0.0,401,478,356,13.02,167.61,7,75.9,Fast_Food,17.17
2028-10-30,Monday,0,0,0,25.5,1.47,315,413,252,16.23,196.17,6,58.4,Fast_Food,16.02
2028-10-31,Tuesday,0,0,0,26.21,0.0,357,458,341,14.37,195.2,10,71.6,Bakery,14.43
2028-11-01,Wednesday,0,0,0,20.45,1.06,339,400,356,12.33,133.43,8,55.8,Continental,12.05
2028-11-02,Thursday,0,1,0,24.27,0.0,323,401,321,11.18,176.13,8,57.7,Indian,12.94
2028-11-03,Friday,0,1,0,25.2,0.0,276,327,274,7.11,263.31,5,46.6,Continental,13.74
2028-11-04,Saturday,1,0,0,25.23,5.75,404,488,418,10.12,147.72,8,69.0,Fast_Food,12.75
2028-11-05,Sunday,1,0,0,27.68,2.51,383,442,311,12.88,201.88,8,68.5,Indian,16.89
2028-11-06,Monday,0,0,0,24.02,13.75,323,360,332,11.68,139.6,7,50.2,Indian,10.44
2028-11-07,Tuesday,0,0,0,33.65,6.72,326,401,314,14.73,147.36,9,64.0,Fast_Food,12.21
2028-11-08,Wednesday,0,0,0,29.2,0.02,395,444,406,14.9,130.5,10,67.7,Fast_Food,11.48
2028-11-09,Thursday,0,0,0,23.37,0.0,321,295,295,14.73,212.94,7,54.4,Chinese,9.09
2028-11-10,Friday,0,0,0,27.43,5.64,256,249,249,12.75,149.5,6,48.9,Fast_Food,7.88
2028-11-11,Saturday,1,0,0,27.56,0.0,459,559,415,14.37,224.36,11,92.0,Indian,16.52
2028-11-12,Sunday,1,0,0,32.47,0.64,426,458,443,18.03,161.4,8,68.4,Chinese,12.63
2028-11-13,Monday,0,0,0,24.3,0.0,325,304,294,14.4,184.48,5,52.9,Fast_Food,9.6
2028-11-14,Tuesday,0,0,0,30.45,13.09,315,355,311,15.27,194.4,8,54.1,Indian,11.02
2028-11-15,Wednesday,0,1,1,27.19,0.67,317,427,280,16.1,123.41,7,59.0,Chinese,19.29
2028-11-16,Thursday,0,0,1,33.71,2.09,443,597,432,16.93,187.13,9,84.8,Continental,22.38
2028-11-17,Friday,0,1,0,32.81,0.0,307,368,285,20.29,192.25,5,61.6,Chinese,16.41
2028-11-18,Saturday,1,0,0,27.89,3.71,349,385,331,15.53,219.9,9,65.9,Bakery,10.57
2028-11-19,Sunday,1,0,0,25.82,3.47,421,457,384,13.71,146.42,9,72.1,Bakery,13.61
2028-11-20,Monday,0,0,0,29.28,6.87,372,402,386,12.34,151.4,9,51.3,Continental,10.15
2028-11-21,Tuesday,0,0,0,26.19,33.46,335,345,313,14.34,203.08,7,58.5,Fast_Food,11.58
2028-11-22,Wednesday,0,0,0,34.56,4.22,298,337,247,13.24,229.43,7,48.3,Bakery,15.12
2028-11-23,Thursday,0,0,0,27.35,3.36,295,373,286,12.51,159.26,6,50.5,Fast_Food,12.14
2028-11-24,Friday,0,0,0,25.17,0.0,298,349,321,17.33,136.77,7,55.4,Fast_Food,10.48
2028-11-25,Saturday,1,0,0,24.93,0.0,463,507,459,19.12,168.91,11,77.3,Indian,13.83
2028-11-26,Sunday,1,0,1,21.54,0.0,452,571,432,15.45,144.53,10,85.9,Fast_Food,20.89
2028-11-27,Monday,0,0,0,29.5,0.0,271,289,289,12.61,193.92,6,47.5,Indian,6.8
2028-11-28,Tuesday,0,0,0,23.31,0.8,343,415,373,16.78,142.21,8,53.7,Indian,12.0
2028-11-29,Wednesday,0,0,0,31.94,12.8,335,356,315,16.09,214.05,8,63.2,Continental,12.27
2028-11-30,Thursday,0,0,0,21.18,4.3,314,329,310,15.66,187.44,6,52.4,Indian,9.37
2028-12-01,Friday,0,0,1,27.57,5.32,339,377,293,14.5,215.14,8,60.8,Indian,17.09
2028-12-02,Saturday,1,0,0,32.18,7.13,373,476,349,12.77,95.18,8,73.8,Continental,14.87
2028-12-03,Sunday,1,0,0,17.31,0.57,448,524,390,13.36,118.46,10,76.3,Indian,16.87
2028-12-04,Monday,0,0,0,36.08,0.0,339,341,341,16.11,225.24,9,60.1,Bakery,10.49
2028-12-05,Tuesday,0,0,0,25.09,0.0,347,360,328,13.27,154.82,8,52.9,Bakery,10.64
2028-12-06,Wednesday,0,0,0,27.63,3.12,339,371,318,14.31,128.68,10,63.2,Fast_Food,10.45
2028-12-07,Thursday,0,0,0,29.57,0.0,341,443,319,14.1,172.91,8,52.0,Indian,15.62
2028-12-08,Friday,0,0,0,30.27,9.48,314,407,278,12.51,188.48,7,62.9,Continental,15.29
2028-12-09,Saturday,1,0,0,28.23,0.0,403,490,365,17.74,174.47,9,67.9,Indian,18.02
2028-12-10,Sunday,1,0,0,31.49,3.87,451,546,463,17.79,196.38,10,65.7,Continental,16.92
2028-12-11,Monday,0,0,0,29.34,12.19,380,440,352,16.73,191.64,9,63.7,Indian,17.48
2028-12-12,Tuesday,0,0,0,34.92,0.0,287,327,288,16.81,189.81,5,54.2,Chinese,11.81
2028-12-13,Wednesday,0,0,0,29.35,0.0,323,385,304,11.09,227.19,7,58.9,Indian,13.68
2028-12-14,Thursday,0,0,0,35.84,9.88,359,364,345,11.88,179.5,7,62.0,Bakery,10.88
2028-12-15,Friday,0,0,0,31.05,2.91,396,461,319,9.21,178.47,10,81.9,Indian,18.22
2028-12-16,Saturday,1,0,0,18.87,0.0,472,537,472,13.12,208.1,9,81.5,Chinese,14.26
2028-12-17,Sunday,1,0,0,38.75,3.15,382,400,366,14.4,199.34,9,76.0,Indian,12.46
2028-12-18,Monday,0,0,0,24.42,6.37,375,396,334,14.2,148.4,7,70.9,Continental,14.41
2028-12-19,Tuesday,0,1,0,33.73,10.36,307,339,243,16.73,176.78,7,59.1,Bakery,14.99
2028-12-20,Wednesday,0,0,1,27.12,3.71,412,518,341,12.38,195.34,9,65.3,Indian,20.11
2028-12-21,Thursday,0,1,0,31.77,5.23,333,404,300,12.94,159.46,6,53.9,Indian,16.05
2028-12-22,Friday,0,0,0,23.9,17.9,286,348,277,14.98,161.13,7,41.5,Indian,14.18
2028-12-23,Saturday,1,0,0,29.82,8.77,429,512,416,15.17,131.3,7,83.7,Continental,16.99
2028-12-24,Sunday,1,0,1,25.86,0.6,490,583,471,12.09,90.0,11,89.6,Continental,18.65
2028-12-25,Monday,0,0,0,34.11,1.17,329,380,296,16.42,166.91,8,59.3,Fast_Food,14.16
2028-12-26,Tuesday,0,0,0,28.97,11.65,321,377,273,18.79,184.46,9,56.5,Fast_Food,16.35
2028-12-27,Wednesday,0,0,0,31.21,3.57,275,369,270,17.64,141.66,5,46.1,Indian,13.57
2028-12-28,Thursday,0,0,0,17.26,2.62,354,412,370,12.81,228.23,7,62.8,Bakery,11.94
2028-12-29,Friday,0,1,0,26.61,0.47,312,371,293,13.62,143.37,8,54.6,Fast_Food,10.54
2028-12-30,Saturday,1,0,0,28.85,11.16,378,405,382,14.81,211.94,10,74.7,Continental,13.24
2028-12-31,Sunday,1,0,0,28.01,0.0,399,540,373,13.34,194.65,10,67.6,Chinese,17.28
2029-01-01,Monday,0,0,0,31.33,0.0,335,440,311,17.97,256.17,10,55.0,Fast_Food,15.42
2029-01-02,Tuesday,0,0,0,25.35,11.12,310,303,259,16.38,198.89,6,45.2,Continental,12.72
2029-01-03,Wednesday,0,0,0,27.22,10.97,330,389,318,19.53,129.38,8,44.6,Chinese,15.01
2029-01-04,Thursday,0,0,0,32.32,29.02,269,247,247,18.36,216.9,6,60.5,Indian,13.57
2029-01-05,Friday,0,0,0,16.75,1.68,377,486,362,15.87,239.42,6,65.3,Continental,15.27
2029-01-06,Saturday,1,0,0,29.65,0.53,411,473,433,17.65,117.97,9,75.1,Continental,12.96
2029-01-07,Sunday,1,0,0,25.5,0.97,372,426,377,18.79,202.37,6,65.8,Indian,13.82
2029-01-08,Monday,0,0,0,22.89,0.0,244,278,220,18.02,210.11,5,42.1,Bakery,11.46
2029-01-09,Tuesday,0,0,1,28.51,0.0,411,494,433,15.64,172.55,8,68.2,Indian,16.69
2029-01-10,Wednesday,0,1,0,32.52,3.68,325,425,341,13.32,95.23,8,63.0,Indian,14.37
2029-01-11,Thursday,0,0,0,31.68,0.23,337,354,354,11.53,169.64,7,54.3,Chinese,10.43
2029-01-12,Friday,0,0,0,26.39,0.0,360,421,375,6.82,159.66,6,72.9,Fast_Food,10.39
2029-01-13,Saturday,1,0,0,30.94,2.53,440,496,374,11.0,233.54,11,65.4,Indian,16.99
2029-01-14,Sunday,1,0,0,30.91,3.84,417,524,393,12.56,176.9,9,72.0,Fast_Food,15.44
2029-01-15,Monday,0,0,0,26.61,1.33,321,364,300,13.49,165.57,7,45.4,Chinese,14.47
2029-01-16,Tuesday,0,0,0,23.88,1.45,315,338,294,16.1,159.47,6,58.8,Indian,10.51
2029-01-17,Wednesday,0,0,0,24.14,0.18,345,375,303,14.53,191.4,9,59.4,Indian,12.79
2029-01-18,Thursday,0,0,0,30.77,7.05,379,372,372,18.57,181.99,9,66.8,Chinese,10.12
2029-01-19,Friday,0,1,0,26.81,0.0,301,297,285,14.1,152.35,6,56.2,Chinese,11.52
2029-01-20,Saturday,1,0,0,22.29,0.0,462,572,488,11.35,189.24,8,87.8,Indian,15.41
2029-01-21,Sunday,1,0,0,19.42,0.02,423,511,429,10.35,160.5,12,84.4,Continental,13.21
2029-01-22,Monday,0,0,1,30.74,3.38,388,425,346,14.23,90.0,11,59.6,Continental,17.59
2029-01-23,Tuesday,0,1,0,24.54,7.62,389,449,360,16.89,203.38,10,66.0,Bakery,15.38
2029-01-24,Wednesday,0,0,0,28.49,21.4,388,462,379,14.36,200.06,8,71.6,Fast_Food,15.17
2029-01-25,Thursday,0,0,0,32.58,2.56,389,354,354,12.12,186.99,8,66.3,Indian,11.2
2029-01-26,Friday,0,1,0,21.11,16.47,277,324,285,15.82,164.51,7,47.2,Chinese,12.26
2029-01-27,Saturday,1,1,0,26.8,0.0,462,563,440,11.4,177.48,9,75.7,Indian,18.27
2029-01-28,Sunday,1,0,0,26.23,0.0,407,524,433,15.83,208.67,8,79.2,Continental,15.51
2029-01-29,Monday,0,0,0,28.71,4.87,322,371,318,13.96,157.89,9,51.4,Chinese,12.64
2029-01-30,Tuesday,0,0,0,32.58,6.04,254,332,233,14.79,210.09,6,51.0,Bakery,13.64
2029-01-31,Wednesday,0,0,0,21.02,3.16,341,453,349,17.21,128.38,6,61.0,Continental,13.91
2029-02-01,Thursday,0,0,0,29.56,40.17,292,313,291,17.04,185.89,7,44.5,Fast_Food,11.93
2029-02-02,Friday,0,0,0,31.64,0.0,344,449,314,14.28,180.9,7,51.0,Continental,15.82
2029-02-03,Saturday,1,0,0,26.16,13.43,369,441,352,18.12,215.09,6,62.6,Chinese,16.88
2029-02-04,Sunday,1,0,0,26.38,0.0,473,463,463,16.86,147.84,9,83.7,Indian,10.87
2029-02-05,Monday,0,0,0,28.88,6.74,349,389,330,22.69,151.66,7,70.7,Indian,15.96
2029-02-06,Tuesday,0,0,0,28.55,2.31,410,505,389,14.17,131.19,9,69.4,Fast_Food,15.66
2029-02-07,Wednesday,0,0,0,29.62,3.61,294,349,255,10.98,160.16,7,45.2,Bakery,13.75
2029-02-08,Thursday,0,0,0,29.53,4.95,384,478,392,15.26,188.94,10,70.0,Chinese,13.4
2029-02-09,Friday,0,0,1,22.58,2.52,312,411,285,14.83,117.08,7,51.3,Continental,17.46
2029-02-10,Saturday,1,0,0,31.46,1.43,417,475,411,16.93,164.5,9,72.4,Indian,13.93
2029-02-11,Sunday,1,1,0,32.25,0.0,363,473,324,12.97,201.38,9,73.6,Chinese,19.63
2029-02-12,Monday,0,0,1,27.84,9.2,359,492,333,14.74,176.4,9,57.1,Bakery,19.0
2029-02-13,Tuesday,0,0,0,20.28,0.0,312,371,293,16.55,182.63,7,61.1,Indian,14.89
2029-02-14,Wednesday,0,0,0,26.48,0.27,298,322,322,14.19,127.29,7,57.7,Indian,10.83
2029-02-15,Thursday,0,0,0,27.87,4.1,286,335,279,13.89,176.5,6,58.7,Fast_Food,12.79
2029-02-16,Friday,0,0,0,21.85,0.0,315,343,289,10.93,181.0,6,50.2,Chinese,10.88
2029-02-17,Saturday,1,0,0,25.38,1.43,414,491,359,13.43,174.27,11,72.2,Indian,18.69
2029-02-18,Sunday,1,0,0,20.66,7.98,451,587,391,17.81,185.35,9,69.3,Chinese,23.03
2029-02-19,Monday,0,0,0,29.73,0.18,340,411,337,14.64,169.18,8,70.0,Fast_Food,13.5
2029-02-20,Tuesday,0,0,0,27.75,1.51,371,427,388,11.62,164.04,7,65.4,Bakery,11.34
2029-02-21,Wednesday,0,0,0,19.59,0.0,278,279,253,15.32,143.61,7,47.3,Bakery,9.8
2029-02-22,Thursday,0,0,0,28.58,0.65,315,370,314,11.31,214.11,6,57.3,Continental,12.69
2029-02-23,Friday,0,0,0,26.75,0.0,355,462,355,14.61,137.07,10,65.8,Fast_Food,14.8
2029-02-24,Saturday,1,0,0,29.32,3.29,422,507,470,14.98,185.53,11,74.8,Continental,13.6
2029-02-25,Sunday,1,0,0,25.24,0.0,380,466,398,13.27,243.46,9,55.8,Continental,12.46
2029-02-26,Monday,0,0,0,23.39,0.0,363,432,387,17.01,218.55,8,72.1,Indian,12.98
2029-02-27,Tuesday,0,0,0,23.53,2.36,311,398,339,17.24,197.83,7,62.2,Indian,14.22
2029-02-28,Wednesday,0,0,0,24.58,1.11,303,292,292,16.08,188.74,7,63.7,Chinese,10.68
2029-03-01,Thursday,0,0,0,27.08,4.5,347,406,341,9.5,175.53,8,51.6,Bakery,11.98
2029-03-02,Friday,0,0,0,27.67,1.53,330,367,301,13.62,148.45,7,66.1,Continental,13.17
2029-03-03,Saturday,1,0,0,26.14,0.0,392,475,411,11.57,171.12,10,61.8,Bakery,11.62
2029-03-04,Sunday,1,1,1,25.1,2.09,411,464,348,12.49,200.12,8,56.7,Indian,17.81
2029-03-05,Monday,0,0,0,25.42,10.72,293,361,248,14.03,193.64,8,46.2,Indian,14.67
2029-03-06,Tuesday,0,0,0,38.28,8.64,316,325,306,18.84,207.61,7,49.2,Bakery,12.61
2029-03-07,Wednesday,0,0,1,23.53,39.28,414,478,383,15.15,222.69,8,75.9,Chinese,17.74
2029-03-08,Thursday,0,0,0,24.49,0.0,339,372,284,11.83,174.45,8,69.1,Continental,12.92
2029-03-09,Friday,0,0,1,39.0,7.64,409,484,347,16.61,186.71,10,69.8,Indian,20.64
2029-03-10,Saturday,1,0,0,28.89,6.96,428,453,409,17.72,113.53,8,73.2,Bakery,13.6
2029-03-11,Sunday,1,1,0,20.79,17.09,364,461,342,17.18,258.97,8,68.1,Indian,16.77
2029-03-12,Monday,0,0,1,30.79,12.73,317,390,345,19.43,165.52,5,52.3,Bakery,15.89
2029-03-13,Tuesday,0,0,0,22.9,3.77,298,310,289,20.08,202.81,6,52.1,Indian,12.23
2029-03-14,Wednesday,0,0,0,31.09,6.1,307,354,294,14.32,165.49,6,52.7,Indian,12.58
2029-03-15,Thursday,0,0,0,26.05,4.52,304,311,279,11.11,164.68,7,57.7,Fast_Food,9.91
2029-03-16,Friday,0,0,0,25.02,1.89,364,393,332,14.24,171.7,7,68.8,Chinese,13.42
2029-03-17,Saturday,1,0,0,34.24,5.49,444,509,452,13.56,136.42,9,66.0,Indian,14.73
2029-03-18,Sunday,1,0,0,29.55,3.09,487,487,487,13.41,93.19,12,89.6,Continental,12.46
2029-03-19,Monday,0,0,0,31.38,2.82,303,350,265,10.57,220.59,9,65.7,Indian,13.2
2029-03-20,Tuesday,0,0,0,28.96,17.88,386,437,333,14.06,199.1,8,65.6,Indian,15.43
2029-03-21,Wednesday,0,0,0,25.0,3.9,386,386,386,15.46,147.95,10,70.5,Indian,10.5
2029-03-22,Thursday,0,0,0,29.75,2.56,322,400,290,13.61,195.82,8,45.2,Continental,15.07
2029-03-23,Friday,0,0,0,32.44,1.25,347,387,348,11.39,208.84,6,63.5,Indian,10.69
2029-03-24,Saturday,1,0,0,27.61,0.85,453,540,434,15.25,155.74,9,86.0,Fast_Food,14.95
2029-03-25,Sunday,1,0,0,35.11,0.0,408,502,352,15.7,194.41,6,51.2,Fast_Food,17.56
2029-03-26,Monday,0,0,0,30.83,1.89,325,373,316,18.32,215.24,8,65.5,Indian,14.42
2029-03-27,Tuesday,0,0,0,27.95,11.35,308,338,293,11.3,129.66,6,40.7,Continental,9.93
2029-03-28,Wednesday,0,0,0,28.13,0.0,247,275,249,12.75,198.67,6,35.6,Continental,9.89
2029-03-29,Thursday,0,0,0,27.62,0.0,332,379,304,11.47,192.75,10,60.3,Fast_Food,12.74
2029-03-30,Friday,0,0,0,21.37,5.18,305,337,281,13.14,245.82,8,47.6,Chinese,13.1
2029-03-31,Saturday,1,0,1,26.59,3.32,417,464,442,15.66,199.5,8,75.3,Continental,16.36
2029-04-01,Sunday,1,0,1,28.0,17.57,470,644,441,15.13,165.62,9,93.9,Indian,23.21
2029-04-02,Monday,0,0,0,25.13,0.0,279,305,237,16.28,169.67,7,46.3,Chinese,14.61
2029-04-03,Tuesday,0,0,1,28.52,0.0,403,515,427,15.17,250.82,8,72.8,Indian,17.35
2029-04-04,Wednesday,0,0,0,27.1,1.0,347,391,336,11.45,167.58,9,67.7,Bakery,12.99
2029-04-05,Thursday,0,0,0,30.48,0.32,316,386,327,10.82,200.52,10,56.2,Chinese,10.74
2029-04-06,Friday,0,0,0,29.98,0.0,328,404,291,15.04,171.66,8,65.4,Continental,16.07
2029-04-07,Saturday,1,0,0,27.75,2.62,368,411,339,14.01,217.84,9,67.3,Continental,15.02
2029-04-08,Sunday,1,0,0,20.85,0.0,436,526,423,16.68,219.57,11,73.1,Indian,15.68
2029-04-09,Monday,0,1,0,35.06,14.48,312,356,259,17.56,179.21,6,45.3,Indian,13.55
2029-04-10,Tuesday,0,0,0,26.36,2.71,339,370,361,18.0,165.76,8,52.1,Indian,11.48
2029-04-11,Wednesday,0,0,0,26.64,0.0,348,362,362,15.94,164.93,7,57.4,Fast_Food,9.86
2029-04-12,Thursday,0,0,1,25.46,1.99,353,405,328,13.21,119.55,9,52.4,Continental,17.1
2029-04-13,Friday,0,0,0,24.8,3.2,277,376,249,13.54,183.52,5,62.2,Indian,14.55
2029-04-14,Saturday,1,0,0,33.95,5.96,444,502,398,16.02,182.81,11,76.1,Continental,16.36
2029-04-15,Sunday,1,0,0,33.24,2.26,434,439,405,10.78,151.44,11,69.1,Chinese,11.03
2029-04-16,Monday,0,0,0,29.0,24.58,311,346,342,15.0,115.78,6,61.6,Continental,10.71
2029-04-17,Tuesday,0,0,0,26.52,0.0,344,389,314,12.7,187.22,7,59.5,Chinese,15.78
2029-04-18,Wednesday,0,0,0,29.79,0.0,374,466,367,13.42,191.64,8,75.4,Bakery,13.26
2029-04-19,Thursday,0,1,0,27.33,0.0,345,425,340,14.06,193.81,7,47.0,Chinese,13.2
2029-04-20,Friday,0,0,0,26.14,0.5,310,438,350,14.26,145.35,7,64.1,Chinese,13.53
2029-04-21,Saturday,1,0,0,28.52,3.98,358,422,334,11.58,193.89,7,63.6,Fast_Food,15.52
2029-04-22,Sunday,1,0,0,25.01,3.5,364,450,354,13.6,173.75,7,61.1,Fast_Food,15.0
2029-04-23,Monday,0,0,0,28.14,5.75,319,412,329,15.58,210.26,8,53.0,Chinese,15.48
2029-04-24,Tuesday,0,0,0,27.92,2.68,381,417,372,10.51,145.88,9,73.0,Indian,11.75
2029-04-25,Wednesday,0,0,0,29.71,3.03,305,356,297,9.41,220.26,6,48.4,Indian,10.31
2029-04-26,Thursday,0,0,0,24.21,2.8,309,382,339,13.91,232.85,5,47.4,Chinese,11.1
2029-04-27,Friday,0,0,0,30.2,0.13,308,365,310,15.34,184.06,8,58.2,Fast_Food,11.91
2029-04-28,Saturday,1,0,0,22.92,0.0,391,383,356,15.22,194.13,8,60.8,Continental,12.46
2029-04-29,Sunday,1,1,0,24.42,0.0,385,442,369,12.67,207.44,11,64.2,Indian,14.17
2029-04-30,Monday,0,0,0,24.62,6.19,285,325,255,15.15,144.1,6,47.3,Indian,13.6
2029-05-01,Tuesday,0,0,0,22.18,0.0,368,441,402,12.01,162.98,8,71.4,Continental,11.42
2029-05-02,Wednesday,0,0,1,31.57,2.9,370,417,337,12.57,186.45,8,61.1,Continental,15.2
2029-05-03,Thursday,0,0,0,22.64,7.83,417,523,434,10.74,250.94,10,67.2,Fast_Food,13.01
2029-05-04,Friday,0,0,0,23.85,10.5,289,378,252,12.55,138.14,10,60.6,Fast_Food,14.97
2029-05-05,Saturday,1,0,0,32.65,0.0,466,608,443,11.89,237.32,10,90.1,Indian,18.9
2029-05-06,Sunday,1,0,0,24.43,0.25,459,530,454,15.99,173.24,11,92.1,Fast_Food,15.91
2029-05-07,Monday,0,0,0,26.15,0.0,316,391,336,16.06,178.79,7,47.5,Continental,14.53
2029-05-08,Tuesday,0,0,0,22.45,0.0,316,404,332,13.63,222.63,8,49.6,Continental,12.08
2029-05-09,Wednesday,0,0,0,30.75,13.03,298,348,311,16.4,250.75,5,41.2,Chinese,12.08
2029-05-10,Thursday,0,0,0,30.81,0.0,298,375,303,12.72,194.8,9,50.4,Fast_Food,12.0
2029-05-11,Friday,0,0,0,30.33,7.8,330,424,324,13.51,220.77,8,59.4,Indian,13.22
2029-05-12,Saturday,1,0,0,29.42,2.98,411,495,398,12.93,147.79,9,68.0,Indian,14.78
2029-05-13,Sunday,1,0,0,27.33,0.0,354,357,352,15.61,161.47,9,51.2,Indian,12.39
2029-05-14,Monday,0,1,0,24.64,0.0,385,396,372,15.5,132.66,9,72.7,Fast_Food,11.56
2029-05-15,Tuesday,0,0,0,23.33,3.63,321,373,320,17.13,161.95,6,51.3,Fast_Food,11.65
2029-05-16,Wednesday,0,0,0,32.8,1.71,332,363,312,15.53,199.78,5,56.0,Indian,12.72
2029-05-17,Thursday,0,0,0,30.44,0.0,308,376,266,8.09,187.43,9,51.2,Indian,14.61
2029-05-18,Friday,0,0,1,23.88,0.0,366,492,363,11.01,240.45,8,67.9,Indian,17.17
2029-05-19,Saturday,1,0,0,27.18,3.8,397,444,324,16.95,251.91,8,67.3,Fast_Food,16.51
2029-05-20,Sunday,1,0,0,25.65,0.0,410,477,384,15.35,175.22,9,71.7,Continental,13.4
2029-05-21,Monday,0,0,0,21.92,9.22,329,326,290,10.81,156.21,9,63.3,Fast_Food,11.41
2029-05-22,Tuesday,0,0,0,27.8,0.0,358,474,350,13.28,220.6,7,63.8,Fast_Food,15.54
2029-05-23,Wednesday,0,0,0,25.13,0.77,338,422,353,15.62,224.25,8,57.6,Fast_Food,13.89
2029-05-24,Thursday,0,0,0,22.71,6.46,355,364,317,13.26,195.44,8,67.4,Chinese,10.42
2029-05-25,Friday,0,0,0,20.34,0.0,330,370,328,12.99,204.69,6,55.5,Fast_Food,10.89
2029-05-26,Saturday,1,0,0,19.96,0.0,418,413,392,11.48,199.22,10,66.7,Chinese,12.29
2029-05-27,Sunday,1,0,0,25.33,4.93,402,472,348,13.57,145.39,10,75.1,Fast_Food,15.47
2029-05-28,Monday,0,0,0,26.62,8.11,365,389,385,14.72,137.35,7,71.1,Continental,11.37
2029-05-29,Tuesday,0,0,0,23.06,1.08,341,399,306,11.11,178.22,8,50.7,Bakery,13.3
2029-05-30,Wednesday,0,0,0,29.93,0.14,324,392,282,13.09,172.97,7,52.1,Chinese,14.2
2029-05-31,Thursday,0,0,0,26.71,0.0,323,323,309,12.6,189.69,8,51.2,Fast_Food,10.97
2029-06-01,Friday,0,0,0,29.6,2.45,326,367,313,16.05,175.41,9,66.9,Continental,11.78
2029-06-02,Saturday,1,0,0,26.18,0.0,411,440,410,16.84,120.39,9,85.3,Bakery,12.68
2029-06-03,Sunday,1,0,0,23.46,13.22,408,457,429,14.67,106.07,9,74.3,Indian,13.01
2029-06-04,Monday,0,0,0,27.51,1.3,310,309,309,14.11,205.81,7,48.7,Continental,11.09
2029-06-05,Tuesday,0,0,0,21.32,0.0,357,439,353,15.58,156.8,7,69.7,Indian,14.34
2029-06-06,Wednesday,0,0,0,29.43,0.0,359,388,359,14.66,171.88,6,66.0,Bakery,12.7
2029-06-07,Thursday,0,0,0,22.78,2.89,392,510,351,15.61,160.47,9,69.5,Fast_Food,17.72
2029-06-08,Friday,0,0,0,31.13,0.0,309,396,293,19.18,148.04,7,65.8,Fast_Food,15.03
2029-06-09,Saturday,1,0,0,25.48,1.94,433,523,390,15.79,147.11,10,74.2,Continental,17.98
2029-06-10,Sunday,1,0,0,31.78,0.0,343,434,311,19.32,215.69,8,55.5,Fast_Food,16.91
2029-06-11,Monday,0,0,0,21.95,10.73,359,447,380,20.15,171.63,7,64.8,Continental,15.67
2029-06-12,Tuesday,0,0,0,23.95,0.0,279,332,257,17.42,202.22,6,53.8,Indian,12.25
2029-06-13,Wednesday,0,0,1,28.71,0.0,341,418,331,14.76,206.92,8,55.5,Fast_Food,15.75
2029-06-14,Thursday,0,0,0,32.27,0.27,342,386,290,15.21,191.08,8,65.4,Continental,15.64
2029-06-15,Friday,0,0,0,34.5,0.0,308,315,278,14.46,208.07,7,54.0,Indian,13.1
2029-06-16,Saturday,1,1,0,27.19,9.95,358,464,375,12.21,180.5,8,44.7,Fast_Food,13.58
2029-06-17,Sunday,1,0,0,35.27,0.0,393,426,379,14.73,227.73,10,82.1,Indian,13.71
2029-06-18,Monday,0,0,0,25.7,0.0,356,435,359,11.94,208.82,8,64.1,Fast_Food,12.51
2029-06-19,Tuesday,0,0,1,31.94,3.06,342,469,348,12.54,213.48,8,46.1,Chinese,17.33
2029-06-20,Wednesday,0,0,0,22.76,5.81,328,348,299,13.38,147.15,6,67.5,Continental,11.48
2029-06-21,Thursday,0,0,0,28.89,14.14,317,420,290,10.61,189.21,8,53.1,Indian,15.61
2029-06-22,Friday,0,0,0,16.46,0.0,359,325,325,14.78,115.77,8,61.2,Fast_Food,10.29
2029-06-23,Saturday,1,0,0,21.95,12.56,440,504,376,13.15,229.04,10,85.4,Fast_Food,15.88
2029-06-24,Sunday,1,0,0,29.1,9.51,346,371,316,17.31,158.18,6,58.7,Fast_Food,14.6
2029-06-25,Monday,0,0,0,21.09,0.0,367,431,386,14.91,163.04,10,68.3,Chinese,10.87
2029-06-26,Tuesday,0,0,0,28.92,0.0,309,392,297,13.36,132.14,5,45.9,Continental,14.8
2029-06-27,Wednesday,0,0,0,31.08,4.42,338,408,342,12.16,178.73,9,51.5,Continental,10.85
2029-06-28,Thursday,0,0,0,24.74,1.81,297,307,272,13.35,170.61,7,55.9,Indian,10.85
2029-06-29,Friday,0,0,0,22.64,4.4,343,325,325,13.53,243.79,6,57.4,Indian,10.68
2029-06-30,Saturday,1,0,0,24.87,0.39,499,549,450,14.72,210.07,13,84.6,Chinese,17.12
2029-07-01,Sunday,1,0,0,22.65,2.34,414,474,400,14.96,161.99,10,76.2,Fast_Food,13.97
2029-07-02,Monday,0,0,0,26.54,1.33,314,291,291,19.23,121.68,5,45.7,Chinese,10.36
2029-07-03,Tuesday,0,0,0,27.46,4.31,322,372,348,16.66,100.07,7,61.2,Fast_Food,11.7
2029-07-04,Wednesday,0,0,0,25.62,0.0,279,316,252,12.61,144.08,7,49.3,Continental,13.26
2029-07-05,Thursday,0,0,0,34.53,2.77,381,444,389,11.09,133.41,10,69.2,Chinese,13.99
2029-07-06,Friday,0,0,0,23.76,13.85,341,394,319,13.83,192.2,7,63.5,Indian,12.65
2029-07-07,Saturday,1,0,0,33.26,13.04,373,452,323,11.88,174.93,6,58.1,Chinese,16.12
2029-07-08,Sunday,1,0,0,22.31,3.47,374,445,388,15.2,180.61,10,63.0,Chinese,11.02
2029-07-09,Monday,0,0,0,27.33,20.99,331,371,332,16.5,146.79,8,48.9,Indian,11.61
2029-07-10,Tuesday,0,0,0,32.32,4.31,363,415,375,16.91,185.32,6,76.6,Fast_Food,11.78
2029-07-11,Wednesday,0,0,0,32.09,19.09,290,277,277,13.18,130.29,7,55.1,Bakery,10.91
2029-07-12,Thursday,0,0,0,25.11,4.6,369,380,344,14.96,176.91,9,60.7,Indian,11.92
2029-07-13,Friday,0,0,0,29.5,0.0,327,379,298,14.87,209.06,7,54.7,Indian,13.54
2029-07-14,Saturday,1,1,0,28.9,20.86,352,394,325,13.33,167.21,7,66.8,Continental,15.33
2029-07-15,Sunday,1,0,0,24.57,7.99,394,476,398,13.47,195.53,8,73.2,Bakery,13.67
2029-07-16,Monday,0,0,0,29.77,2.13,391,389,377,15.04,110.81,8,75.5,Bakery,9.5
2029-07-17,Tuesday,0,0,1,35.38,0.0,326,457,293,12.43,108.0,8,44.9,Bakery,18.17
2029-07-18,Wednesday,0,0,0,29.12,9.09,304,357,291,15.23,191.45,8,58.0,Chinese,12.93
2029-07-19,Thursday,0,0,0,29.55,4.53,363,413,401,17.82,216.65,6,69.5,Bakery,12.21
2029-07-20,Friday,0,0,0,30.02,26.57,338,370,304,17.29,171.66,8,52.0,Chinese,14.25
2029-07-21,Saturday,1,0,0,20.43,17.31,382,367,367,15.75,255.08,9,61.2,Indian,11.98
2029-07-22,Sunday,1,0,0,29.07,3.3,444,552,389,14.6,129.48,10,93.1,Fast_Food,19.41
2029-07-23,Monday,0,1,0,22.42,3.02,340,359,334,14.34,156.2,7,53.0,Continental,13.51
2029-07-24,Tuesday,0,0,0,24.35,4.62,342,453,318,12.63,184.9,9,55.6,Fast_Food,15.79
2029-07-25,Wednesday,0,0,0,36.73,0.0,309,322,307,10.92,196.25,8,49.3,Continental,9.22
2029-07-26,Thursday,0,0,1,25.86,2.29,359,427,348,12.65,159.56,8,62.7,Fast_Food,13.79
2029-07-27,Friday,0,0,0,23.67,1.23,340,371,345,15.14,142.93,7,60.7,Chinese,10.17
2029-07-28,Saturday,1,0,0,32.19,12.18,364,415,365,13.97,201.71,9,60.5,Indian,12.11
2029-07-29,Sunday,1,0,0,22.74,14.93,456,505,473,11.96,184.66,11,67.2,Fast_Food,12.69
2029-07-30,Monday,0,0,0,24.99,6.73,390,480,405,12.91,167.94,8,65.0,Continental,16.3
2029-07-31,Tuesday,0,0,0,32.62,0.0,322,335,323,16.66,197.46,6,44.9,Indian,11.25
2029-08-01,Wednesday,0,0,0,27.19,22.12,342,350,328,16.62,175.23,8,63.9,Chinese,12.11
2029-08-02,Thursday,0,0,0,19.97,9.03,372,494,406,14.68,175.11,7,73.7,Fast_Food,15.34
2029-08-03,Friday,0,0,0,29.45,4.11,398,487,374,19.16,173.82,7,69.9,Bakery,16.11
2029-08-04,Saturday,1,0,0,25.22,5.9,464,570,394,22.92,151.26,9,79.8,Fast_Food,21.87
2029-08-05,Sunday,1,0,0,33.93,0.0,349,431,300,18.37,147.7,8,60.9,Fast_Food,17.52
2029-08-06,Monday,0,1,0,24.27,1.24,294,330,250,16.3,161.6,8,56.2,Fast_Food,13.86
2029-08-07,Tuesday,0,0,0,31.73,13.32,348,434,335,16.82,181.12,7,49.1,Indian,17.84
2029-08-08,Wednesday,0,1,0,34.99,0.0,288,348,312,13.75,114.51,6,47.9,Continental,13.35
2029-08-09,Thursday,0,0,0,23.17,9.1,392,469,332,15.49,213.07,9,64.8,Continental,17.82
2029-08-10,Friday,0,0,1,26.13,5.31,432,609,374,15.84,180.65,9,76.1,Bakery,23.87
2029-08-11,Saturday,1,0,0,28.75,0.0,381,366,366,17.76,142.72,8,66.2,Indian,10.91
2029-08-12,Sunday,1,0,0,23.14,0.82,404,522,432,13.73,236.58,9,68.3,Bakery,14.67
2029-08-13,Monday,0,0,0,28.22,4.11,304,364,270,12.52,181.46,6,53.1,Fast_Food,13.23
2029-08-14,Tuesday,0,0,0,25.99,3.3,323,381,344,9.4,133.27,6,60.2,Indian,10.55
2029-08-15,Wednesday,0,0,1,25.9,4.67,367,465,374,14.94,235.01,8,58.2,Continental,16.75
2029-08-16,Thursday,0,1,0,27.22,0.51,338,355,355,16.89,227.42,8,62.8,Indian,10.16
2029-08-17,Friday,0,0,0,27.32,3.63,299,375,267,16.08,148.19,5,60.4,Continental,14.74
2029-08-18,Saturday,1,0,0,27.74,6.71,318,345,305,16.3,168.7,7,61.6,Chinese,10.54
2029-08-19,Sunday,1,0,0,24.31,6.03,354,417,339,9.74,163.98,7,51.5,Fast_Food,13.14
2029-08-20,Monday,0,0,0,24.5,0.63,294,351,285,10.67,113.87,6,49.7,Continental,12.32
2029-08-21,Tuesday,0,0,0,26.47,7.57,307,356,318,12.03,191.36,8,58.5,Fast_Food,10.73
2029-08-22,Wednesday,0,0,0,26.8,0.0,337,366,312,10.49,209.58,7,46.6,Chinese,12.58
2029-08-23,Thursday,0,0,0,25.03,0.0,292,357,257,8.64,202.99,8,52.9,Fast_Food,11.7
2029-08-24,Friday,0,0,0,28.46,9.09,288,274,274,9.94,181.15,6,56.6,Bakery,8.31
2029-08-25,Saturday,1,0,0,18.83,7.37,377,401,380,11.58,212.98,9,56.9,Continental,10.13
2029-08-26,Sunday,1,0,0,23.71,1.01,371,441,370,12.57,140.26,9,62.6,Indian,14.47
2029-08-27,Monday,0,0,0,25.74,0.0,311,377,318,15.51,243.64,7,50.7,Bakery,13.2
2029-08-28,Tuesday,0,0,0,23.15,0.0,309,389,267,19.22,152.98,6,50.4,Fast_Food,16.99
2029-08-29,Wednesday,0,0,0,34.33,6.32,354,396,377,18.62,156.86,8,64.3,Fast_Food,13.43
2029-08-30,Thursday,0,0,0,27.08,4.76,295,332,277,15.22,159.87,6,45.2,Indian,12.03
2029-08-31,Friday,0,0,0,27.8,0.0,317,342,287,18.47,157.31,6,63.4,Fast_Food,11.94
2029-09-01,Saturday,1,1,0,24.83,7.3,366,446,383,12.49,173.25,8,68.4,Indian,12.14
2029-09-02,Sunday,1,0,0,26.93,0.82,438,500,390,8.8,171.9,8,92.1,Continental,14.56
2029-09-03,Monday,0,0,0,21.53,0.0,325,356,286,10.33,184.54,6,55.0,Fast_Food,11.58
2029-09-04,Tuesday,0,0,0,26.24,0.13,367,417,377,14.28,151.35,7,59.4,Chinese,10.04
2029-09-05,Wednesday,0,0,0,22.78,2.72,290,322,281,14.27,185.83,6,51.5,Indian,10.41
2029-09-06,Thursday,0,1,0,25.75,6.97,303,339,288,11.43,141.84,6,40.8,Continental,12.66
2029-09-07,Friday,0,0,0,16.0,6.39,310,402,270,11.16,205.64,6,57.6,Indian,16.29
2029-09-08,Saturday,1,0,0,21.92,1.67,367,414,367,10.87,205.2,8,56.0,Continental,11.62
2029-09-09,Sunday,1,0,1,33.59,3.43,453,572,439,9.73,179.8,10,77.1,Indian,18.87
2029-09-10,Monday,0,0,0,30.74,1.25,391,449,347,16.38,157.26,9,79.5,Chinese,17.54
2029-09-11,Tuesday,0,0,0,32.94,0.0,300,346,309,15.28,190.89,6,46.6,Continental,10.15
2029-09-12,Wednesday,0,0,0,33.24,1.86,326,412,300,18.21,148.93,6,61.6,Bakery,16.93
2029-09-13,Thursday,0,0,0,30.03,0.0,284,293,274,14.58,181.21,8,54.2,Continental,11.16
2029-09-14,Friday,0,0,0,24.96,15.21,279,358,253,14.87,174.69,6,55.4,Chinese,15.85
2029-09-15,Saturday,1,0,0,22.33,3.26,382,447,398,15.45,272.05,6,69.1,Bakery,14.05
2029-09-16,Sunday,1,0,0,32.16,5.05,394,469,403,16.48,137.05,9,60.6,Bakery,13.71
2029-09-17,Monday,0,0,0,27.29,0.0,316,355,316,15.77,90.0,6,53.9,Fast_Food,11.43
2029-09-18,Tuesday,0,0,0,38.22,3.21,322,384,293,16.73,157.68,7,44.9,Continental,13.66
2029-09-19,Wednesday,0,0,1,25.36,4.28,317,378,279,16.84,119.96,7,50.2,Indian,16.22
2029-09-20,Thursday,0,0,0,35.88,1.03,308,331,283,13.37,154.57,7,51.6,Continental,12.32
2029-09-21,Friday,0,0,0,26.29,1.27,348,466,335,15.2,134.58,8,64.0,Fast_Food,16.18
2029-09-22,Saturday,1,0,0,33.01,0.0,362,437,378,15.19,148.34,8,52.5,Bakery,14.07
2029-09-23,Sunday,1,0,0,34.64,20.27,398,479,315,12.83,142.73,10,79.2,Indian,20.43
2029-09-24,Monday,0,0,0,22.4,0.0,340,382,355,16.27,213.7,5,53.0,Indian,11.29
2029-09-25,Tuesday,0,0,0,24.82,0.0,303,373,282,16.67,178.3,5,53.7,Bakery,15.28
2029-09-26,Wednesday,0,0,0,22.35,16.19,342,384,361,14.53,217.64,7,54.8,Bakery,11.99
2029-09-27,Thursday,0,0,0,21.47,5.41,277,299,232,13.04,181.42,5,49.9,Fast_Food,10.57
2029-09-28,Friday,0,0,0,30.0,7.05,361,382,345,10.62,212.5,8,57.8,Indian,11.6
2029-09-29,Saturday,1,0,0,26.12,0.0,423,509,427,8.25,169.42,9,76.1,Fast_Food,13.39
2029-09-30,Sunday,1,0,0,27.24,3.13,412,453,368,11.16,235.81,10,82.1,Chinese,13.39
2029-10-01,Monday,0,0,0,29.5,0.0,369,413,290,14.79,196.48,8,65.6,Chinese,14.97
2029-10-02,Tuesday,0,0,0,18.64,0.0,318,425,305,13.87,152.71,7,60.7,Indian,14.14
2029-10-03,Wednesday,0,0,0,32.79,23.03,308,355,296,17.82,201.67,6,49.2,Chinese,13.26
2029-10-04,Thursday,0,0,0,25.43,0.0,378,382,380,15.28,180.95,7,62.5,Continental,10.32
2029-10-05,Friday,0,0,0,29.4,6.62,394,456,352,13.46,172.91,10,59.1,Indian,16.87
2029-10-06,Saturday,1,0,0,29.79,0.0,386,515,395,13.67,183.36,10,65.6,Continental,13.93
2029-10-07,Sunday,1,0,0,33.17,0.0,406,450,417,16.75,206.29,8,72.0,Indian,13.13
2029-10-08,Monday,0,0,0,26.53,36.22,367,409,345,12.82,105.89,10,68.1,Chinese,14.72
2029-10-09,Tuesday,0,0,0,17.44,1.7,327,370,322,13.26,167.72,7,52.7,Bakery,10.97
2029-10-10,Wednesday,0,0,0,27.26,0.0,351,429,335,12.34,203.89,7,64.7,Fast_Food,13.47
2029-10-11,Thursday,0,0,0,27.9,6.99,357,443,310,12.44,188.69,8,71.0,Indian,15.96
2029-10-12,Friday,0,0,0,22.35,12.35,310,401,282,14.27,140.58,7,50.6,Fast_Food,15.0
2029-10-13,Saturday,1,0,0,27.66,7.84,425,509,450,14.6,97.13,9,71.7,Indian,14.87
2029-10-14,Sunday,1,0,0,25.38,1.27,410,495,391,16.59,239.53,9,73.3,Chinese,16.51
2029-10-15,Monday,0,1,1,20.96,1.43,307,389,315,15.69,173.45,8,55.1,Indian,15.29
2029-10-16,Tuesday,0,0,1,30.02,0.0,340,387,315,16.17,232.99,7,46.7,Bakery,14.02
2029-10-17,Wednesday,0,0,0,24.46,0.0,307,356,262,15.52,207.82,7,51.9,Indian,14.37
2029-10-18,Thursday,0,0,0,25.17,4.15,362,363,336,18.2,152.22,10,61.3,Bakery,11.73
2029-10-19,Friday,0,0,0,24.92,1.05,364,457,343,14.85,92.45,7,72.0,Fast_Food,14.68
2029-10-20,Saturday,1,0,0,32.56,0.0,436,446,441,14.39,163.82,9,75.5,Chinese,11.71
2029-10-21,Sunday,1,0,0,26.82,1.82,425,546,405,15.18,178.7,10,61.3,Bakery,17.24
2029-10-22,Monday,0,0,0,27.36,0.0,344,445,332,14.83,195.77,8,60.3,Chinese,15.53
2029-10-23,Tuesday,0,0,0,25.02,3.79,340,372,308,16.12,141.12,8,50.2,Fast_Food,15.51
2029-10-24,Wednesday,0,0,1,29.08,3.15,389,495,373,20.17,186.23,7,61.5,Fast_Food,19.46
2029-10-25,Thursday,0,0,0,33.07,0.45,347,358,358,15.39,186.22,8,65.7,Indian,11.94
2029-10-26,Friday,0,1,0,29.92,2.06,256,276,262,17.29,214.51,5,49.4,Indian,11.69
2029-10-27,Saturday,1,0,0,30.09,2.53,382,437,360,13.87,169.26,11,68.4,Bakery,14.2
2029-10-28,Sunday,1,0,0,29.73,9.08,374,450,357,17.11,195.5,9,51.4,Indian,16.18
2029-10-29,Monday,0,1,0,20.79,1.87,344,369,291,17.32,190.1,8,51.2,Bakery,15.4
2029-10-30,Tuesday,0,0,0,23.06,0.0,388,479,349,17.05,210.65,9,59.6,Chinese,17.74
2029-10-31,Wednesday,0,0,0,26.08,0.85,254,282,249,15.9,151.3,6,52.7,Chinese,10.8
2029-11-01,Thursday,0,0,0,23.73,18.87,385,416,364,14.0,90.0,9,62.5,Chinese,12.13
2029-11-02,Friday,0,0,0,22.21,0.0,333,370,290,12.34,171.71,7,59.6,Chinese,11.65
2029-11-03,Saturday,1,0,0,18.58,1.13,445,544,409,13.52,171.92,11,86.0,Bakery,17.75
2029-11-04,Sunday,1,0,0,20.94,1.06,428,483,384,14.3,139.49,8,70.3,Indian,14.58
